Time,Manual_Count,Time,"Apple, Inc",Time,Apple,Time,"CISCO SYSTEMS, INC.",Time,"TP-LINK TECHNOLOGIES CO.,LTD.",Time,NETCOMM LIMITED,Time,UNKNOWN,Time,Hewlett-Packard Company,Time,Billion Electric Co. Ltd.,Time,NETGEAR,Time,Netgear Inc.,Time,ASUSTek COMPUTER INC.,Time,DrayTek Corp.,Time,IBM Corp,Time,"NETGEAR INC.,",Time,ICP Electronics Inc.,Time,Ubiquiti Networks,Time,Belkin International Inc.,Time,Apple Inc,Time,"GIGA-BYTE TECHNOLOGY CO.,LTD.",Time,Hewlett Packard,Time,HTC Corporation,Time,"COMPAL INFORMATION (KUNSHAN) CO., LTD.",Time,"Murata Manufacturing Co., Ltd.",Time,Intel Corporate,Time,SEIKO EPSON CORPORATION,Time,"Samsung Electro Mechanics co., LTD.",Time,Liteon Tech Corp.,Time,Enerpoint Ltd.,Time,Routerboard.com,Time,WISOL,Time,"Samsung Electro Mechanics co.,LTD.",Time,D-LINK INTERNATIONAL PTE LIMITED,Time,Sony Mobile Communications AB,Time,"TP-LINK TECHNOLOGIES CO., LTD.",Time,Lexmark International Inc.,Time,"Apple, Inc.",Time,LG Electronics,Time,"AzureWave Technologies, Inc.",Time,"Motorola Mobility LLC, a Lenovo Company",Time,"Samsung Electronics ITS, Printer division"
0,0,0,0,0,0,0,0,0,0,0,0,0,0,0,0,0,0,0,0,0,0,0,0,0,0,0,0,0,0,0,0,0,0,0,0,0,0,0,0,0,0,0,0,0,0,0,0,0,0,0,0,0,0,0,0,0,0,0,0,0,0,0,0,0,0,0,0,0,0,0,0,0,0,0,0,0,0,0,0,0,0
4,15,4,0,4,0,4,0,4,0,9,0,9,2,9,0,9,0,9,0,13,0,13,0,13,0,17,0,17,0,26,0,26,0,26,0,26,0,30,0,34,0,34,0,43,0,51,0,73,0,111,0,123,0,127,0,140,0,140,0,199,0,353,0,361,0,467,0,492,0,817,0,1326,0,1465,0,1559,0,1677,0,1740,0
9,15,9,1,9,1,9,2,9,1,13,1,13,3,13,1,13,1,13,1,17,1,17,1,17,1,21,1,21,1,30,1,30,1,30,1,30,1,34,2,39,2,39,1,47,1,55,1,77,1,115,1,127,1,131,1,144,1,144,1,203,1,357,1,365,1,471,1,496,1,822,1,1330,1,1470,1,1563,1,1681,1,1744,1
13,15,13,1,13,3,13,2,13,1,17,1,17,3,17,1,17,1,17,2,21,1,21,1,21,1,26,1,26,1,34,1,34,1,34,1,34,1,39,2,43,2,43,1,51,1,60,1,81,1,119,1,131,1,136,1,148,1,148,1,207,1,361,1,369,1,475,1,500,1,825,1,1335,1,1474,1,1568,1,1686,1,1748,1
17,15,17,1,17,4,17,2,17,1,21,1,21,3,21,1,21,1,21,2,26,1,26,1,26,1,30,1,30,1,39,1,39,1,39,1,39,1,43,2,47,2,47,1,55,1,64,1,85,1,123,1,136,1,140,1,152,1,152,1,211,1,365,1,374,1,479,1,504,1,829,1,1338,1,1478,1,1572,1,1690,1,1752,1
21,15,21,1,21,4,21,2,21,1,26,1,26,3,26,1,26,1,26,2,30,1,30,1,30,1,34,1,34,1,43,1,43,1,43,1,43,1,47,2,51,2,51,1,60,1,68,1,89,1,127,1,140,1,144,1,157,1,157,1,216,1,369,1,378,1,483,1,509,1,909,1,1343,1,1482,1,1576,1,1694,1,1757,1
26,15,26,1,26,4,26,2,26,1,30,1,30,3,30,1,30,1,30,4,34,1,34,1,34,1,39,1,39,1,47,1,47,1,47,1,47,1,51,2,55,2,55,1,64,1,73,1,93,1,131,1,144,1,148,1,161,1,161,1,220,1,374,1,382,1,487,1,513,1,912,1,1348,1,1486,1,1581,1,1698,1,1761,1
30,15,30,2,30,4,30,2,30,1,34,1,34,3,34,1,34,1,34,4,39,1,39,1,39,1,43,1,43,1,51,1,51,1,51,1,51,1,55,2,60,2,60,1,68,1,77,1,98,2,136,1,148,1,152,1,165,1,165,1,225,1,378,1,386,1,492,1,517,1,917,1,1351,1,1490,1,1585,1,1702,1,1765,1
34,17,34,2,34,4,34,2,34,1,39,1,39,3,39,1,39,1,39,4,43,1,43,1,43,1,47,1,47,1,55,1,55,1,55,1,55,1,60,2,64,2,64,1,73,1,81,1,102,2,140,1,152,1,157,1,169,1,169,1,230,1,382,1,391,1,496,1,521,1,921,1,1355,1,1494,1,1589,1,1706,1,1770,1
39,17,39,2,39,4,39,2,39,1,43,1,43,4,43,1,43,1,43,4,47,1,47,1,47,1,51,1,51,1,60,1,60,1,60,1,60,1,64,2,68,2,68,1,77,1,85,1,106,2,144,1,157,1,161,1,173,1,173,1,234,1,386,1,395,1,500,1,526,1,925,1,1360,1,1499,1,1593,1,1711,1,1774,1
43,17,43,2,43,5,43,2,43,1,47,1,47,4,47,1,47,1,47,4,51,1,51,1,51,1,55,1,55,1,64,1,64,1,64,1,64,1,68,2,73,2,73,1,81,1,89,1,111,2,148,1,161,1,165,1,178,1,178,1,238,1,391,1,399,1,504,1,530,1,929,1,1364,1,1503,1,1597,1,1715,1,1778,1
47,17,47,2,47,5,47,2,47,1,51,1,51,4,51,1,51,1,51,4,55,1,55,2,55,1,60,1,60,1,68,1,68,1,68,1,68,1,73,2,77,2,77,1,85,1,93,1,115,2,152,1,165,1,169,1,182,1,182,1,243,1,395,1,403,1,509,1,534,1,934,1,1368,1,1507,1,1601,1,1719,1,1782,1
51,17,51,3,51,5,51,2,51,1,55,1,55,4,55,1,55,1,55,4,60,1,60,2,60,1,64,1,64,1,73,1,73,1,73,1,73,1,77,3,81,2,81,1,89,1,98,1,119,2,157,1,169,1,173,1,186,1,186,1,247,1,399,1,407,1,513,1,538,1,938,1,1373,1,1511,1,1605,1,1724,1,1786,1
55,17,55,3,55,5,55,2,55,1,60,1,60,4,60,1,60,1,60,4,64,1,64,2,64,1,68,1,68,1,77,1,77,1,77,1,77,1,81,3,85,2,85,1,93,1,102,1,123,2,161,1,173,1,178,1,190,1,190,1,251,1,403,1,411,1,517,1,542,1,942,1,1376,1,1516,1,1610,1,1728,1,1790,1
60,17,60,3,60,7,60,2,60,1,64,1,64,4,64,1,64,1,64,4,68,1,68,2,68,1,73,1,73,1,81,1,81,1,81,1,81,1,85,3,89,2,89,1,98,1,106,1,127,2,165,1,178,1,182,1,195,1,195,1,255,1,407,1,416,1,521,1,547,1,947,1,1381,1,1520,1,1613,1,1732,1,1795,1
64,17,64,3,64,7,64,2,64,1,68,1,68,4,68,1,68,1,68,4,73,1,73,2,73,1,77,1,77,1,85,1,85,1,85,1,85,1,89,3,93,2,93,1,102,1,111,1,131,2,169,1,182,1,186,1,199,1,199,1,260,1,411,1,420,1,526,1,551,1,950,1,1385,1,1524,1,1618,1,1736,1,1799,1
68,17,68,3,68,7,68,2,68,1,73,1,73,4,73,1,73,1,73,4,77,1,77,2,77,1,81,1,81,1,89,1,89,1,89,1,89,1,93,3,98,2,98,1,106,1,115,1,136,2,173,1,186,1,190,1,203,1,203,1,264,1,416,2,424,1,530,1,555,1,955,1,1389,1,1529,1,1622,1,1740,1,1803,1
73,17,73,3,73,7,73,2,73,1,77,1,77,4,77,1,77,1,77,4,81,1,81,2,81,1,85,1,85,1,93,1,93,1,93,1,93,1,98,3,102,2,102,1,111,1,119,1,140,2,178,1,190,1,195,1,207,1,207,1,268,1,420,2,428,1,534,1,560,1,959,1,1393,1,1534,1,1627,1,1744,1,,
77,17,77,3,77,7,77,2,77,1,81,1,81,4,81,1,81,1,81,4,85,1,85,2,85,1,89,1,89,1,98,1,98,1,98,1,98,1,102,3,106,2,106,1,115,1,123,1,144,2,182,1,195,1,199,1,211,1,211,1,272,1,424,2,433,1,538,1,563,1,963,1,1398,1,1538,1,1630,1,1748,1,,
81,17,81,3,81,7,81,2,81,1,85,1,85,4,85,1,85,1,85,4,89,1,89,2,89,1,93,1,93,1,102,1,102,1,102,1,102,1,106,3,111,2,111,1,119,1,127,1,148,2,186,1,199,1,203,1,216,1,216,1,277,1,428,2,437,1,542,1,568,1,967,0,1402,1,1542,1,1635,1,1752,1,,
85,17,85,3,85,7,85,2,85,1,89,1,89,4,89,1,89,1,89,4,93,1,93,2,93,1,98,1,98,1,106,1,106,1,106,1,106,1,111,3,115,2,115,1,123,1,131,1,152,2,190,1,203,1,207,1,220,1,220,1,280,1,433,2,441,1,547,1,572,1,972,0,1406,1,1546,1,1639,1,1757,1,,
89,17,89,3,89,7,89,2,89,1,93,1,93,4,93,1,93,1,93,4,98,1,98,2,98,1,102,1,102,1,111,1,111,1,111,1,111,1,115,3,119,2,119,1,127,1,136,1,157,2,195,1,207,1,211,1,225,1,225,1,285,1,437,2,445,1,551,1,576,1,976,0,1410,1,1551,1,1644,1,1761,1,,
93,17,93,3,93,7,93,2,93,1,98,1,98,5,98,1,98,1,98,5,102,1,102,2,102,1,106,1,106,1,115,1,115,1,115,1,115,1,119,3,123,2,123,1,131,1,140,1,161,2,199,1,211,1,216,1,230,1,230,1,289,1,441,2,450,1,555,1,580,1,980,0,1415,1,1555,1,1647,1,1765,1,,
98,16,98,3,98,8,98,2,98,1,102,1,102,5,102,1,102,1,102,5,106,1,106,2,106,1,111,1,111,1,119,1,119,1,119,1,119,1,123,3,127,2,127,1,136,1,144,1,165,2,203,1,216,1,220,1,234,1,234,1,293,1,445,2,454,1,560,1,585,1,985,0,1419,1,1559,1,1651,1,1770,1,,
102,16,102,3,102,8,102,2,102,1,106,1,106,5,106,1,106,1,106,5,111,1,111,2,111,1,115,1,115,1,123,1,123,1,123,1,123,1,127,3,131,2,131,1,140,1,148,1,169,2,207,1,220,1,225,1,238,1,238,1,298,1,450,2,458,1,563,1,589,1,988,0,1423,1,1563,1,1656,1,1774,1,,
106,16,106,3,106,9,106,2,106,1,111,1,111,5,111,1,111,1,111,5,115,1,115,2,115,1,119,1,119,1,127,1,127,1,127,1,127,1,131,3,136,2,136,1,144,1,152,1,173,2,211,1,225,1,230,1,243,1,243,1,302,1,454,2,462,1,568,1,593,1,993,0,1427,1,1568,1,1660,1,1778,1,,
111,16,111,3,111,10,111,2,111,1,115,1,115,5,115,1,115,1,115,5,119,1,119,2,119,1,123,1,123,1,131,1,131,1,131,1,131,1,136,3,140,2,140,1,148,1,157,1,178,2,216,1,230,1,234,1,247,1,247,1,306,1,458,2,467,1,572,1,597,1,997,0,1432,1,1572,1,1665,1,1782,1,,
115,16,115,3,115,10,115,2,115,1,119,1,119,5,119,1,119,1,119,5,123,1,123,2,123,1,127,1,127,1,136,1,136,1,136,1,136,1,140,3,144,2,144,1,152,1,161,1,182,2,220,1,234,1,238,1,251,1,251,1,310,1,462,2,471,1,576,1,602,1,1001,0,1435,1,1576,1,1668,1,1786,1,,
119,16,119,3,119,11,119,2,119,1,123,1,123,5,123,1,123,1,123,5,127,1,127,2,127,1,131,1,131,1,140,1,140,1,140,1,140,1,144,3,148,2,148,1,157,1,165,1,186,2,225,1,238,1,243,1,255,1,255,1,314,1,467,2,475,1,580,1,606,1,1005,0,1440,1,1581,1,1673,1,1790,1,,
123,16,123,3,123,11,123,2,123,1,127,1,127,5,127,1,127,1,127,5,131,1,131,2,131,1,136,1,136,1,144,1,144,1,144,1,144,1,148,4,152,2,152,1,161,1,169,1,190,2,230,1,243,1,247,1,260,1,260,1,319,1,471,2,479,1,585,1,610,1,1010,0,1444,1,1585,1,1677,1,1795,1,,
127,16,127,3,127,11,127,2,127,1,131,1,131,5,131,1,131,1,131,5,136,1,136,2,136,1,140,1,140,1,148,1,148,1,148,1,148,1,152,4,157,2,157,1,165,1,173,1,195,2,234,1,247,1,251,1,264,1,264,1,323,1,475,2,483,1,589,1,614,1,1014,0,1449,1,1589,1,1681,1,1799,1,,
131,16,131,3,131,11,131,2,131,1,136,1,136,5,136,1,136,1,136,5,140,1,140,2,140,1,144,1,144,1,152,1,152,1,152,1,152,1,157,4,161,2,161,1,169,1,178,1,199,2,238,1,251,1,255,1,268,1,268,1,327,1,479,2,487,1,593,1,618,1,1018,0,1452,1,1593,1,1686,1,1803,1,,
136,16,136,3,136,11,136,2,136,1,140,1,140,5,140,1,140,1,140,5,144,1,144,2,144,1,148,1,148,1,157,1,157,1,157,1,157,1,161,4,165,2,165,1,173,1,182,1,203,3,243,1,255,1,260,1,272,1,272,1,331,1,483,2,492,1,597,1,623,1,1023,0,1457,1,1597,1,1690,1,,,,
140,16,140,3,140,11,140,2,140,1,144,1,144,5,144,1,144,1,144,5,148,1,148,2,148,1,152,1,152,1,161,1,161,1,161,1,161,1,165,4,169,2,169,1,178,1,186,1,207,3,247,1,260,1,264,1,277,1,277,1,336,1,487,2,496,1,602,1,627,1,1027,0,1461,1,1601,1,1694,1,,,,
144,16,144,3,144,11,144,2,144,1,148,1,148,5,148,1,148,1,148,5,152,1,152,2,152,1,157,1,157,1,165,1,165,1,165,1,165,1,169,4,173,2,173,1,182,1,190,1,211,3,251,1,264,1,268,1,280,1,280,1,340,1,492,2,500,1,606,1,631,1,1031,0,1465,1,1605,1,1698,1,,,,
148,16,148,3,148,12,148,2,148,1,152,1,152,5,152,1,152,1,152,5,157,1,157,2,157,1,161,1,161,1,169,1,169,1,169,1,169,1,173,4,178,2,178,1,186,1,195,1,216,3,255,1,268,1,272,1,285,1,285,1,344,1,496,2,504,1,610,1,636,1,1035,0,1470,1,1610,1,1702,1,,,,
152,16,152,3,152,12,152,2,152,1,157,1,157,5,157,1,157,1,157,5,161,1,161,2,161,1,165,1,165,1,173,1,173,1,173,1,173,1,178,4,182,3,182,1,190,1,199,1,220,3,260,1,272,1,277,1,289,1,289,1,348,1,500,2,509,1,614,1,640,1,1039,0,1474,1,1613,1,1706,1,,,,
157,16,157,2,157,12,157,2,157,1,161,1,161,5,161,0,161,1,161,5,165,1,165,2,165,1,169,1,169,1,178,0,178,1,178,1,178,1,182,4,186,3,186,0,195,0,203,1,225,3,264,1,277,1,280,1,293,0,293,0,353,1,504,1,513,0,618,0,644,1,1043,0,1478,0,1618,0,1711,1,,,,
161,16,161,3,161,12,161,2,161,1,165,1,165,5,165,0,165,1,165,5,169,1,169,2,169,1,173,1,173,1,182,0,182,1,182,1,182,1,186,3,190,2,190,0,199,0,207,1,230,3,268,0,280,1,285,1,298,0,298,0,357,1,509,1,517,0,623,0,648,1,1048,0,1482,0,1622,0,1715,1,,,,
165,16,165,3,165,12,165,2,165,1,169,1,169,5,169,0,169,1,169,5,173,1,173,3,173,1,178,1,178,1,186,0,186,1,186,1,186,1,190,3,195,2,195,0,203,0,211,1,234,3,272,0,285,1,289,1,302,0,302,0,361,1,513,1,521,0,627,0,652,1,1052,0,1486,0,1627,0,1719,1,,,,
169,14,169,3,169,11,169,2,169,1,173,1,173,5,173,0,173,1,173,5,178,1,178,3,178,1,182,1,182,1,190,0,190,1,190,1,190,1,195,3,199,2,199,0,207,0,216,1,238,3,277,0,289,1,293,1,306,0,306,0,365,1,517,1,526,0,631,0,657,1,1056,0,1490,0,1630,0,1724,1,,,,
173,14,173,3,173,11,173,2,173,1,178,1,178,5,178,0,178,1,178,5,182,1,182,3,182,1,186,1,186,1,195,0,195,1,195,1,195,1,199,3,203,2,203,0,211,0,220,1,243,3,280,0,293,1,298,1,310,0,310,0,369,1,521,1,530,0,636,0,661,1,1061,0,1494,0,1635,0,1728,1,,,,
178,14,178,3,178,11,178,2,178,1,182,1,182,5,182,0,182,1,182,4,186,1,186,3,186,1,190,1,190,1,199,0,199,1,199,1,199,1,203,3,207,2,207,0,216,0,225,1,247,3,285,0,298,1,302,1,314,0,314,0,374,1,526,1,534,0,640,0,665,1,1064,0,1499,0,1639,0,1732,1,,,,
182,14,182,3,182,11,182,2,182,1,186,1,186,5,186,0,186,1,186,4,190,1,190,3,190,1,195,1,195,1,203,0,203,1,203,1,203,1,207,3,211,2,211,0,220,0,230,1,251,3,289,0,302,1,306,1,319,0,319,0,378,1,530,1,538,0,644,0,670,1,1069,0,1503,0,1644,0,1736,1,,,,
186,14,186,3,186,11,186,2,186,1,190,1,190,5,190,0,190,1,190,4,195,1,195,3,195,1,199,1,199,1,207,0,207,1,207,1,207,1,211,3,216,2,216,0,225,0,234,1,255,3,293,1,306,1,310,1,323,0,323,0,382,1,534,1,542,0,648,0,674,0,1073,0,1507,0,1647,0,1740,1,,,,
190,14,190,3,190,11,190,2,190,1,195,1,195,4,195,0,195,1,195,5,199,1,199,3,199,1,203,1,203,1,211,0,211,1,211,1,211,1,216,4,220,2,220,0,230,0,238,1,260,3,298,1,310,1,314,1,327,0,327,0,386,1,538,1,547,0,652,0,678,0,1078,0,1511,0,1651,0,1744,1,,,,
195,14,195,3,195,11,195,2,195,1,199,1,199,4,199,1,199,1,199,5,203,1,203,3,203,1,207,1,207,1,216,0,216,1,216,1,216,1,220,5,225,2,225,0,234,0,243,1,264,3,302,1,314,1,319,1,331,0,331,0,391,1,542,1,551,0,657,0,682,0,1082,0,1516,0,1656,0,1748,1,,,,
199,14,199,3,199,11,199,2,199,1,203,1,203,5,203,1,203,1,203,5,207,1,207,3,207,1,211,1,211,1,220,0,220,1,220,1,220,1,225,5,230,2,230,0,238,0,247,1,268,3,306,1,319,1,323,1,336,0,336,0,395,1,547,1,555,0,661,0,686,0,1086,0,1520,0,1660,0,1752,1,,,,
203,14,203,3,203,11,203,2,203,1,207,1,207,5,207,1,207,1,207,5,211,1,211,2,211,1,216,1,216,1,225,0,225,1,225,1,225,1,230,4,234,2,234,0,243,0,251,1,272,3,310,1,323,1,327,1,340,0,340,0,399,1,551,1,560,0,665,0,690,0,1090,0,1524,0,1665,0,1757,1,,,,
207,14,207,3,207,11,207,2,207,1,211,1,211,5,211,2,211,1,211,5,216,1,216,2,216,1,220,1,220,1,230,0,230,1,230,1,230,1,234,4,238,2,238,0,247,0,255,1,277,3,314,1,327,1,331,1,344,0,344,0,403,1,555,2,563,0,670,0,694,0,1094,0,1529,0,1668,0,1761,1,,,,
211,14,211,3,211,11,211,2,211,1,216,1,216,5,216,2,216,1,216,5,220,1,220,2,220,1,225,1,225,1,234,0,234,1,234,1,234,1,238,4,243,2,243,0,251,0,260,1,280,3,319,1,331,1,336,1,348,0,348,0,407,1,560,2,568,0,674,0,699,0,1098,0,1534,0,1673,0,1765,1,,,,
216,14,216,3,216,10,216,2,216,1,220,1,220,5,220,2,220,1,220,5,225,1,225,2,225,1,230,1,230,1,238,0,238,1,238,1,238,1,243,4,247,2,247,0,255,0,264,1,285,3,323,1,336,1,340,1,353,0,353,0,411,1,563,2,572,0,678,0,703,0,1103,0,1538,0,1677,0,1770,1,,,,
220,14,220,3,220,10,220,2,220,1,225,1,225,6,225,2,225,1,225,5,230,1,230,2,230,1,234,1,234,1,243,0,243,1,243,1,243,1,247,5,251,2,251,0,260,0,268,1,289,3,327,1,340,1,344,1,357,0,357,0,416,1,568,1,576,0,682,0,707,0,1107,0,1542,0,1681,0,1774,1,,,,
225,14,225,3,225,9,225,2,225,1,230,1,230,6,230,2,230,1,230,5,234,1,234,2,234,1,238,1,238,1,247,0,247,1,247,1,247,1,251,5,255,2,255,0,264,0,272,1,293,3,331,1,344,1,348,1,361,0,361,0,420,1,572,1,580,0,686,0,711,0,1111,0,1546,0,1686,0,1778,1,,,,
230,14,230,3,230,9,230,2,230,1,234,1,234,6,234,2,234,1,234,5,238,1,238,2,238,1,243,1,243,1,251,0,251,1,251,1,251,1,255,5,260,2,260,0,268,0,277,1,298,3,336,1,348,1,353,1,365,0,365,0,424,1,576,1,585,0,690,0,716,0,1116,0,1551,0,1690,0,1782,1,,,,
234,14,234,3,234,9,234,2,234,1,238,1,238,6,238,2,238,1,238,5,243,1,243,2,243,1,247,1,247,1,255,0,255,1,255,1,255,1,260,5,264,2,264,0,272,0,280,1,302,3,340,1,353,1,357,1,369,0,369,0,428,1,580,1,589,0,694,0,720,0,1119,0,1555,0,1694,0,1786,1,,,,
238,14,238,3,238,10,238,2,238,1,243,1,243,6,243,2,243,1,243,5,247,1,247,2,247,1,251,1,251,1,260,0,260,1,260,1,260,1,264,5,268,2,268,0,277,0,285,1,306,3,344,1,357,1,361,1,374,0,374,0,433,1,585,1,593,0,699,0,724,0,1123,0,1559,0,1698,0,1790,1,,,,
243,14,243,3,243,10,243,2,243,1,247,1,247,6,247,2,247,1,247,5,251,1,251,2,251,1,255,1,255,1,264,0,264,1,264,1,264,1,268,5,272,2,272,0,280,0,289,1,310,3,348,1,361,1,365,1,378,0,378,0,437,1,589,1,597,0,703,0,729,0,1128,0,1563,0,1702,0,1795,1,,,,
247,14,247,3,247,9,247,2,247,1,251,1,251,6,251,2,251,1,251,5,255,1,255,2,255,1,260,1,260,1,268,0,268,1,268,1,268,2,272,5,277,2,277,0,285,0,293,1,314,3,353,1,365,1,369,1,382,0,382,0,441,1,593,1,602,1,707,0,733,0,1133,0,1568,0,1706,0,1799,1,,,,
251,14,251,3,251,9,251,2,251,1,255,1,255,6,255,2,255,1,255,5,260,1,260,3,260,1,264,1,264,1,272,0,272,1,272,1,272,2,277,5,280,2,280,0,289,0,298,1,319,3,357,1,369,1,374,1,386,0,386,0,445,1,597,1,606,1,711,0,737,0,1137,0,1572,0,1711,0,1803,1,,,,
255,14,255,3,255,9,255,2,255,1,260,1,260,6,260,2,260,1,260,5,264,1,264,3,264,1,268,1,268,1,277,0,277,1,277,1,277,2,280,5,285,2,285,0,293,0,302,1,323,3,361,1,374,1,378,1,391,0,391,0,450,1,602,1,610,1,716,0,741,0,1140,0,1576,0,1715,0,,,,,,
260,14,260,3,260,9,260,2,260,1,264,1,264,6,264,2,264,1,264,5,268,1,268,3,268,1,272,1,272,1,280,0,280,1,280,1,280,2,285,5,289,2,289,0,298,0,306,1,327,3,365,1,378,0,382,1,395,0,395,0,454,1,606,1,614,1,720,0,745,0,1145,0,1581,0,1719,0,,,,,,
264,14,264,3,264,9,264,2,264,1,268,1,268,6,268,2,268,1,268,5,272,1,272,3,272,1,277,1,277,1,285,0,285,1,285,1,285,2,289,5,293,2,293,0,302,0,310,1,331,3,369,1,382,0,386,1,399,0,399,0,458,1,610,1,618,1,724,0,749,0,1149,0,1585,0,1724,0,,,,,,
268,14,268,3,268,7,268,2,268,1,272,1,272,6,272,2,272,1,272,5,277,1,277,3,277,1,280,1,280,1,289,0,289,1,289,1,289,2,293,5,298,2,298,0,306,0,314,1,336,3,374,1,386,0,391,1,403,0,403,0,462,1,614,1,623,1,729,0,753,0,1154,0,1589,0,1728,0,,,,,,
272,14,272,3,272,7,272,2,272,1,277,1,277,6,277,2,277,1,277,5,280,1,280,3,280,1,285,1,285,1,293,0,293,1,293,1,293,2,298,5,302,2,302,0,310,0,319,1,340,3,378,1,391,0,395,1,407,0,407,0,467,1,618,1,627,1,733,0,757,0,1158,0,1593,0,1732,0,,,,,,
277,14,277,3,277,7,277,2,277,1,280,1,280,6,280,2,280,1,280,5,285,1,285,3,285,1,289,1,289,1,298,0,298,1,298,1,298,2,302,4,306,2,306,0,314,0,323,1,344,3,382,1,395,0,399,0,411,0,411,0,471,1,623,1,631,1,737,0,762,0,1162,0,1597,0,1736,0,,,,,,
280,14,280,3,280,7,280,2,280,1,285,1,285,6,285,2,285,1,285,5,289,1,289,3,289,1,293,1,293,1,302,0,302,1,302,1,302,2,306,4,310,2,310,0,319,0,327,1,348,3,386,1,399,0,403,0,416,0,416,0,475,1,627,1,636,1,741,0,766,0,1166,0,1601,0,1740,0,,,,,,
285,14,285,3,285,7,285,2,285,1,289,1,289,6,289,2,289,1,289,5,293,1,293,3,293,1,298,1,298,1,306,0,306,1,306,1,306,2,310,4,314,2,314,0,323,0,331,1,353,3,391,1,403,0,407,0,420,0,420,0,479,1,631,1,640,1,745,0,771,0,1170,0,1605,0,1744,0,,,,,,
289,14,289,3,289,7,289,2,289,1,293,1,293,6,293,2,293,1,293,5,298,1,298,3,298,1,302,1,302,1,310,0,310,1,310,1,310,2,314,4,319,2,319,0,327,0,336,1,357,2,395,1,407,0,411,0,424,0,424,0,483,0,636,1,644,1,749,0,774,0,1174,0,1610,0,1748,0,,,,,,
293,14,293,3,293,7,293,2,293,1,298,1,298,6,298,2,298,1,298,5,302,1,302,3,302,1,306,1,306,1,314,0,314,1,314,1,314,2,319,4,323,2,323,0,331,0,340,1,361,2,399,1,411,0,416,0,428,0,428,0,487,0,640,1,648,1,753,0,779,0,1179,0,1613,0,1752,0,,,,,,
298,14,298,3,298,8,298,2,298,1,302,1,302,6,302,3,302,1,302,5,306,1,306,3,306,1,310,1,310,1,319,0,319,1,319,1,319,2,323,4,327,2,327,0,336,0,344,1,365,2,403,1,416,0,420,0,433,1,433,0,492,0,644,1,652,1,757,0,783,0,1183,0,1618,0,1757,0,,,,,,
302,14,302,3,302,9,302,2,302,1,306,1,306,6,306,3,306,1,306,5,310,1,310,3,310,1,314,1,314,1,323,0,323,1,323,1,323,2,327,4,331,2,331,0,340,0,348,1,369,1,407,1,420,0,424,0,437,1,437,0,496,0,648,1,657,1,762,0,788,0,1188,0,1622,0,1761,0,,,,,,
306,14,306,3,306,10,306,2,306,1,310,1,310,6,310,3,310,1,310,5,314,1,314,3,314,1,319,1,319,1,327,0,327,1,327,1,327,2,331,4,336,1,336,0,344,0,353,1,374,1,411,1,424,0,428,0,441,1,441,0,500,0,652,1,661,1,766,0,792,0,1191,0,1627,0,1765,0,,,,,,
310,14,310,3,310,10,310,2,310,1,314,1,314,6,314,3,314,1,314,5,319,1,319,3,319,1,323,1,323,1,331,0,331,1,331,1,331,2,336,4,340,1,340,0,348,0,357,1,378,1,416,1,428,0,433,0,445,1,445,0,504,0,657,1,665,1,771,0,796,0,1196,0,1630,0,1770,0,,,,,,
314,14,314,3,314,10,314,2,314,1,319,1,319,6,319,3,319,1,319,5,323,1,323,2,323,1,327,1,327,1,336,0,336,1,336,1,336,2,340,4,344,2,344,0,353,0,361,1,382,1,420,1,433,1,437,0,450,1,450,0,509,0,661,1,670,1,774,0,800,0,1200,0,1635,0,1774,0,,,,,,
319,14,319,3,319,10,319,2,319,1,323,1,323,6,323,3,323,1,323,5,327,1,327,2,327,1,331,1,331,1,340,0,340,1,340,1,340,2,344,4,348,1,348,0,357,0,365,1,386,1,424,1,437,1,441,0,454,1,454,0,513,0,665,2,674,1,779,0,804,0,1204,0,1639,0,1778,0,,,,,,
323,14,323,3,323,9,323,2,323,1,327,1,327,6,327,3,327,1,327,5,331,1,331,2,331,1,336,1,336,1,344,0,344,1,344,1,344,2,348,4,353,1,353,0,361,0,369,1,391,1,428,1,441,1,445,0,458,1,458,0,517,0,670,2,678,1,783,0,808,0,1208,0,1644,0,1782,0,,,,,,
327,14,327,3,327,9,327,2,327,1,331,1,331,6,331,3,331,1,331,5,336,1,336,2,336,1,340,1,340,1,348,0,348,1,348,1,348,2,353,4,357,1,357,0,365,0,374,1,395,1,433,1,445,1,450,0,462,1,462,0,521,0,674,2,682,1,788,0,812,0,1213,0,1647,0,1786,0,,,,,,
331,14,331,3,331,9,331,2,331,1,336,1,336,6,336,3,336,1,336,5,340,1,340,2,340,1,344,1,344,1,353,0,353,1,353,1,353,2,357,4,361,1,361,0,369,0,378,1,399,1,437,1,450,1,454,0,467,1,467,0,526,0,678,2,686,1,792,0,817,0,1216,0,1651,0,1790,0,,,,,,
336,14,336,2,336,9,336,2,336,1,340,1,340,6,340,3,340,1,340,5,344,1,344,2,344,1,348,1,348,1,357,0,357,1,357,1,357,2,361,4,365,2,365,0,374,0,382,1,403,1,441,1,454,1,458,0,471,1,471,0,530,1,682,2,690,1,796,0,822,0,1221,0,1656,0,1795,0,,,,,,
340,14,340,2,340,9,340,2,340,1,344,1,344,5,344,3,344,1,344,5,348,1,348,2,348,0,353,1,353,1,361,0,361,1,361,1,361,2,365,4,369,2,369,0,378,0,386,1,407,1,445,0,458,1,462,0,475,1,475,0,534,1,686,2,694,1,800,0,825,0,1225,0,1660,0,1799,0,,,,,,
344,14,344,2,344,9,344,2,344,1,348,1,348,5,348,3,348,1,348,5,353,1,353,3,353,0,357,1,357,1,365,0,365,1,365,1,365,2,369,4,374,3,374,0,382,0,391,1,411,1,450,0,462,1,467,0,479,1,479,0,538,1,690,2,699,1,804,0,829,0,1229,0,1665,0,1803,0,,,,,,
348,14,348,2,348,9,348,2,348,1,353,1,353,5,353,3,353,1,353,5,357,1,357,3,357,0,361,1,361,1,369,0,369,1,369,1,369,2,374,4,378,3,378,0,386,0,395,1,416,1,454,0,467,1,471,0,483,1,483,0,542,1,694,2,703,1,808,0,909,0,1234,0,1668,0,,,,,,,,
353,14,353,2,353,9,353,2,353,1,357,1,357,4,357,3,357,1,357,5,361,1,361,3,361,0,365,1,365,1,374,0,374,1,374,1,374,2,378,4,382,3,382,0,391,0,399,1,420,1,458,0,471,1,475,0,487,1,487,0,547,1,699,2,707,1,812,0,912,0,1237,0,1673,0,,,,,,,,
357,14,357,2,357,9,357,2,357,1,361,1,361,4,361,3,361,1,361,5,365,1,365,3,365,0,369,1,369,1,378,0,378,1,378,1,378,2,382,4,386,3,386,0,395,1,403,1,424,1,462,0,475,1,479,0,492,1,492,0,551,1,703,2,711,1,817,0,917,0,1242,0,1677,0,,,,,,,,
361,14,361,2,361,9,361,2,361,1,365,1,365,4,365,2,365,1,365,5,369,1,369,3,369,0,374,1,374,1,382,0,382,1,382,1,382,2,386,3,391,3,391,0,399,1,407,1,428,1,467,0,479,1,483,0,496,1,496,0,555,1,707,1,716,1,822,0,921,0,1246,0,1681,0,,,,,,,,
365,14,365,2,365,9,365,2,365,1,369,1,369,4,369,2,369,1,369,5,374,1,374,3,374,1,378,1,378,1,386,0,386,1,386,1,386,2,391,3,395,3,395,0,403,1,411,1,433,1,471,0,483,1,487,0,500,1,500,1,560,1,711,1,720,1,825,0,925,0,1250,0,1686,0,,,,,,,,
369,14,369,2,369,9,369,2,369,1,374,1,374,4,374,2,374,1,374,5,378,1,378,3,378,1,382,1,382,1,391,0,391,1,391,1,391,2,395,3,399,3,399,0,407,1,416,1,437,1,475,1,487,1,492,0,504,1,504,1,563,1,716,1,724,1,829,0,929,0,1254,0,1690,0,,,,,,,,
374,14,374,2,374,10,374,2,374,1,378,1,378,4,378,2,378,1,378,5,382,1,382,3,382,1,386,1,386,1,395,0,395,1,395,1,395,2,399,3,403,3,403,0,411,1,420,1,441,1,479,1,492,1,496,0,509,1,509,1,568,1,720,1,729,1,909,0,934,0,1259,0,1694,0,,,,,,,,
378,14,378,2,378,12,378,2,378,1,382,1,382,4,382,2,382,1,382,5,386,1,386,3,386,1,391,1,391,1,399,0,399,1,399,1,399,2,403,3,407,3,407,0,416,1,424,1,445,1,483,1,496,1,500,0,513,1,513,1,572,1,724,1,733,1,912,0,938,0,1263,0,1698,0,,,,,,,,
382,14,382,2,382,12,382,2,382,1,386,1,386,4,386,2,386,1,386,5,391,1,391,3,391,1,395,1,395,1,403,0,403,1,403,1,403,2,407,3,411,4,411,0,420,2,428,1,450,1,487,1,500,1,504,0,517,1,517,1,576,1,729,1,737,1,917,0,942,0,1267,0,1702,0,,,,,,,,
386,14,386,2,386,12,386,2,386,1,391,1,391,4,391,3,391,1,391,5,395,1,395,3,395,1,399,1,399,1,407,0,407,1,407,1,407,2,411,3,416,4,416,0,424,2,433,1,454,1,492,1,504,1,509,0,521,1,521,1,580,1,733,1,741,1,921,0,947,0,1272,0,1706,0,,,,,,,,
391,14,391,2,391,12,391,2,391,1,395,1,395,4,395,3,395,1,395,5,399,1,399,3,399,1,403,1,403,1,411,0,411,1,411,1,411,2,416,3,420,4,420,0,428,2,437,1,458,2,496,1,509,1,513,0,526,1,526,1,585,1,737,1,745,1,925,0,950,0,1276,0,1711,0,,,,,,,,
395,14,395,2,395,12,395,2,395,1,399,1,399,4,399,3,399,1,399,5,403,1,403,3,403,1,407,1,407,1,416,0,416,1,416,1,416,2,420,3,424,4,424,0,433,2,441,1,462,2,500,1,513,1,517,0,530,1,530,1,589,1,741,1,749,1,929,0,955,0,1280,0,1715,0,,,,,,,,
399,14,399,2,399,12,399,2,399,1,403,1,403,4,403,3,403,1,403,5,407,1,407,3,407,1,411,1,411,1,420,0,420,1,420,1,420,2,424,3,428,4,428,0,437,2,445,1,467,2,504,1,517,1,521,0,534,1,534,1,593,1,745,1,753,0,934,0,959,0,1284,0,1719,0,,,,,,,,
403,14,403,2,403,12,403,2,403,1,407,1,407,4,407,3,407,1,407,5,411,1,411,3,411,1,416,1,416,1,424,0,424,1,424,1,424,2,428,3,433,4,433,0,441,2,450,1,471,2,509,1,521,1,526,0,538,1,538,1,597,1,749,1,757,0,938,0,963,0,1288,0,1724,0,,,,,,,,
407,14,407,2,407,12,407,2,407,1,411,1,411,4,411,3,411,1,411,5,416,1,416,3,416,1,420,1,420,1,428,0,428,1,428,1,428,2,433,2,437,4,437,0,445,2,454,1,475,2,513,1,526,1,530,0,542,1,542,1,602,1,753,1,762,0,942,0,967,0,1292,0,1728,0,,,,,,,,
411,14,411,2,411,12,411,2,411,1,416,1,416,4,416,3,416,1,416,5,420,1,420,2,420,1,424,1,424,1,433,0,433,1,433,1,433,2,437,2,441,4,441,0,450,2,458,1,479,2,517,1,530,1,534,0,547,1,547,1,606,1,757,1,766,0,947,0,972,0,1296,0,1732,0,,,,,,,,
416,14,416,2,416,12,416,2,416,1,420,1,420,4,420,3,420,1,420,5,424,1,424,2,424,1,428,1,428,1,437,0,437,1,437,1,437,2,441,2,445,4,445,0,454,2,462,1,483,2,521,1,534,1,538,0,551,1,551,1,610,1,762,1,771,0,950,0,976,0,1301,0,1736,0,,,,,,,,
420,14,420,3,420,12,420,2,420,1,424,1,424,4,424,3,424,1,424,5,428,1,428,2,428,1,433,1,433,1,441,0,441,1,441,1,441,2,445,3,450,4,450,0,458,2,467,1,487,2,526,1,538,1,542,0,555,1,555,1,614,1,766,1,774,0,955,0,980,0,1305,0,1740,0,,,,,,,,
424,14,424,3,424,12,424,2,424,1,428,1,428,4,428,3,428,1,428,5,433,1,433,2,433,1,437,1,437,1,445,0,445,1,445,1,445,2,450,3,454,4,454,0,462,2,471,1,492,2,530,1,542,1,547,1,560,1,560,1,618,1,771,2,779,0,959,0,985,0,1309,0,1744,0,,,,,,,,
428,14,428,3,428,12,428,2,428,1,433,1,433,4,433,3,433,1,433,5,437,1,437,2,437,1,441,1,441,1,450,0,450,1,450,1,450,2,454,3,458,4,458,0,467,2,475,1,496,2,534,1,547,1,551,1,563,1,563,1,623,1,774,2,783,0,963,0,988,0,1314,0,1748,0,,,,,,,,
433,14,433,3,433,12,433,2,433,1,437,1,437,4,437,3,437,1,437,4,441,1,441,2,441,1,445,1,445,1,454,0,454,1,454,1,454,2,458,3,462,4,462,0,471,2,479,1,500,2,538,1,551,1,555,1,568,1,568,1,627,1,779,2,788,0,967,0,993,0,1317,0,1752,0,,,,,,,,
437,14,437,3,437,12,437,2,437,1,441,1,441,4,441,3,441,1,441,4,445,1,445,2,445,1,450,1,450,1,458,0,458,1,458,1,458,1,462,3,467,4,467,0,475,2,483,1,504,2,542,1,555,1,560,1,572,1,572,1,631,1,783,2,792,0,972,0,997,0,1322,0,1757,0,,,,,,,,
441,14,441,3,441,12,441,2,441,1,445,1,445,4,445,3,445,1,445,4,450,1,450,2,450,1,454,1,454,1,462,0,462,1,462,1,462,1,467,3,471,4,471,0,479,2,487,1,509,2,547,1,560,1,563,1,576,1,576,1,636,1,788,2,796,0,976,0,1001,0,1326,0,1761,0,,,,,,,,
445,14,445,3,445,12,445,2,445,1,450,1,450,4,450,3,450,1,450,4,454,1,454,2,454,1,458,1,458,1,467,0,467,1,467,1,467,1,471,3,475,4,475,0,483,2,492,1,513,2,551,1,563,1,568,1,580,1,580,1,640,1,792,2,800,0,980,0,1005,0,1330,0,1765,0,,,,,,,,
450,14,450,3,450,12,450,2,450,1,454,1,454,4,454,2,454,1,454,4,458,1,458,2,458,1,462,1,462,1,471,0,471,1,471,1,471,1,475,3,479,4,479,0,487,2,496,1,517,2,555,1,568,1,572,1,585,1,585,1,644,1,796,2,804,0,985,0,1010,0,1335,0,1770,0,,,,,,,,
454,14,454,4,454,11,454,2,454,1,458,1,458,4,458,2,458,1,458,4,462,1,462,2,462,1,467,1,467,1,475,0,475,1,475,1,475,1,479,3,483,4,483,0,492,2,500,1,521,2,560,1,572,1,576,1,589,1,589,1,648,1,800,2,808,0,988,0,1014,0,1338,0,1774,0,,,,,,,,
458,14,458,4,458,11,458,2,458,1,462,1,462,4,462,2,462,1,462,4,467,1,467,2,467,1,471,1,471,1,479,0,479,1,479,1,479,1,483,3,487,4,487,0,496,2,504,1,526,2,563,1,576,1,580,1,593,1,593,1,652,1,804,2,812,0,993,0,1018,0,1343,0,1778,0,,,,,,,,
462,14,462,4,462,11,462,2,462,1,467,1,467,4,467,2,467,1,467,4,471,1,471,2,471,1,475,1,475,1,483,0,483,1,483,1,483,1,487,3,492,4,492,0,500,2,509,1,530,2,568,1,580,1,585,1,597,1,597,1,657,1,808,2,817,0,997,0,1023,0,1348,0,1782,0,,,,,,,,
467,14,467,4,467,12,467,2,467,1,471,1,471,4,471,2,471,1,471,4,475,1,475,2,475,1,479,1,479,1,487,0,487,1,487,1,487,1,492,3,496,4,496,0,504,2,513,1,534,2,572,1,585,1,589,1,602,1,602,1,661,1,812,2,822,0,1001,0,1027,0,1351,0,1786,0,,,,,,,,
471,14,471,4,471,12,471,2,471,1,475,1,475,5,475,2,475,1,475,4,479,1,479,2,479,1,483,1,483,1,492,0,492,1,492,1,492,1,496,3,500,4,500,0,509,2,517,1,538,2,576,1,589,1,593,1,606,1,606,1,665,1,817,1,825,0,1005,0,1031,0,1355,0,1790,0,,,,,,,,
475,14,475,4,475,12,475,2,475,1,479,1,479,5,479,2,479,1,479,4,483,1,483,2,483,1,487,1,487,1,496,0,496,1,496,1,496,1,500,3,504,4,504,0,513,2,521,1,542,2,580,1,593,1,597,1,610,1,610,1,670,1,822,1,829,0,1010,0,1035,0,1360,0,1795,0,,,,,,,,
479,14,479,4,479,12,479,2,479,1,483,1,483,5,483,2,483,1,483,4,487,1,487,2,487,1,492,1,492,1,500,0,500,1,500,1,500,1,504,4,509,4,509,0,517,2,526,1,547,2,585,1,597,1,602,1,614,1,614,1,674,1,825,2,909,0,1014,0,1039,0,1364,0,1799,0,,,,,,,,
483,14,483,4,483,12,483,2,483,1,487,1,487,5,487,2,487,1,487,4,492,1,492,2,492,1,496,1,496,1,504,0,504,1,504,1,504,1,509,4,513,3,513,0,521,2,530,1,551,2,589,1,602,1,606,1,618,1,618,1,678,1,829,2,912,0,1018,0,1043,0,1368,0,1803,0,,,,,,,,
487,14,487,4,487,12,487,2,487,1,492,1,492,6,492,2,492,1,492,5,496,1,496,3,496,1,500,1,500,1,509,0,509,1,509,1,509,1,513,4,517,3,517,0,526,2,534,1,555,2,593,1,606,1,610,1,623,1,623,1,682,1,909,2,917,0,1023,0,1048,0,1373,0,,,,,,,,,,
492,14,492,4,492,11,492,2,492,1,496,1,496,6,496,2,496,1,496,5,500,1,500,3,500,1,504,1,504,1,513,0,513,1,513,1,513,1,517,4,521,3,521,0,530,2,538,1,560,2,597,1,610,1,614,1,627,1,627,1,686,1,912,2,921,0,1027,0,1052,0,1376,0,,,,,,,,,,
496,14,496,3,496,11,496,2,496,1,500,1,500,6,500,2,500,1,500,5,504,1,504,3,504,1,509,1,509,1,517,0,517,1,517,1,517,1,521,4,526,3,526,0,534,2,542,1,563,2,602,1,614,1,618,1,631,1,631,1,690,1,917,2,925,0,1031,0,1056,0,1381,0,,,,,,,,,,
500,14,500,3,500,11,500,2,500,1,504,1,504,6,504,2,504,1,504,5,509,1,509,3,509,1,513,1,513,1,521,0,521,1,521,1,521,1,526,4,530,3,530,0,538,2,547,1,568,2,606,1,618,1,623,1,636,1,636,1,694,1,921,2,929,0,1035,0,1061,0,1385,0,,,,,,,,,,
504,14,504,3,504,11,504,2,504,1,509,1,509,6,509,2,509,1,509,5,513,1,513,3,513,1,517,1,517,1,526,0,526,1,526,1,526,1,530,4,534,4,534,0,542,2,551,1,572,2,610,1,623,1,627,1,640,1,640,1,699,1,925,1,934,0,1039,0,1064,0,1389,0,,,,,,,,,,
509,14,509,3,509,11,509,2,509,1,513,1,513,6,513,2,513,1,513,5,517,1,517,3,517,1,521,1,521,1,530,0,530,1,530,1,530,1,534,4,538,4,538,0,547,2,555,1,576,2,614,1,627,1,631,1,644,1,644,1,703,1,929,1,938,0,1043,0,1069,0,1393,0,,,,,,,,,,
513,14,513,3,513,11,513,2,513,1,517,1,517,6,517,2,517,1,517,5,521,1,521,3,521,1,526,1,526,1,534,0,534,1,534,1,534,1,538,4,542,4,542,0,551,2,560,1,580,2,618,1,631,1,636,1,648,0,648,1,707,1,934,1,942,0,1048,0,1073,0,1398,0,,,,,,,,,,
517,14,517,3,517,11,517,2,517,1,521,1,521,6,521,2,521,1,521,5,526,1,526,3,526,1,530,1,530,1,538,0,538,1,538,1,538,0,542,4,547,4,547,0,555,2,563,1,585,2,623,1,636,1,640,1,652,0,652,0,711,0,938,1,947,0,1052,0,1078,0,1402,0,,,,,,,,,,
521,14,521,3,521,11,521,2,521,1,526,1,526,6,526,2,526,1,526,5,530,1,530,3,530,1,534,1,534,1,542,0,542,1,542,1,542,0,547,4,551,4,551,0,560,2,568,1,589,2,627,1,640,1,644,1,657,0,657,0,716,0,942,1,950,0,1056,0,1082,0,1406,0,,,,,,,,,,
526,14,526,3,526,10,526,2,526,1,530,1,530,7,530,2,530,1,530,5,534,1,534,3,534,1,538,1,538,1,547,0,547,1,547,1,547,0,551,4,555,4,555,0,563,2,572,1,593,2,631,1,644,1,648,1,661,0,661,0,720,0,947,1,955,0,1061,0,1086,0,1410,0,,,,,,,,,,
530,14,530,3,530,9,530,2,530,1,534,1,534,8,534,2,534,1,534,5,538,1,538,3,538,1,542,1,542,1,551,0,551,1,551,1,551,0,555,4,560,4,560,0,568,2,576,1,597,2,636,1,648,1,652,1,665,0,665,0,724,0,950,1,959,0,1064,0,1090,0,1415,0,,,,,,,,,,
534,14,534,3,534,8,534,2,534,1,538,1,538,9,538,2,538,1,538,5,542,1,542,3,542,1,547,1,547,1,555,0,555,1,555,1,555,0,560,4,563,5,563,0,572,2,580,1,602,2,640,1,652,1,657,1,670,0,670,0,729,0,955,1,963,0,1069,0,1094,0,1419,0,,,,,,,,,,
538,14,538,3,538,8,538,2,538,1,542,1,542,9,542,2,542,1,542,5,547,1,547,3,547,1,551,1,551,1,560,0,560,1,560,1,560,0,563,4,568,5,568,0,576,2,585,1,606,2,644,1,657,1,661,1,674,0,674,0,733,0,959,1,967,0,1073,0,1098,0,1423,0,,,,,,,,,,
542,14,542,3,542,8,542,2,542,1,547,1,547,9,547,2,547,1,547,5,551,1,551,3,551,1,555,1,555,1,563,0,563,1,563,1,563,0,568,5,572,5,572,0,580,2,589,1,610,1,648,1,661,1,665,1,678,0,678,0,737,0,963,1,972,0,1078,0,1103,0,1427,0,,,,,,,,,,
547,13,547,3,547,8,547,2,547,1,551,1,551,9,551,2,551,1,551,5,555,1,555,3,555,1,560,1,560,1,568,0,568,1,568,1,568,0,572,6,576,5,576,0,585,2,593,1,614,1,652,1,665,1,670,1,682,0,682,1,741,0,967,1,976,0,1082,0,1107,0,1432,0,,,,,,,,,,
551,13,551,3,551,8,551,2,551,1,555,1,555,9,555,2,555,1,555,5,560,1,560,3,560,1,563,1,563,1,572,0,572,1,572,1,572,0,576,6,580,5,580,0,589,2,597,1,618,1,657,1,670,1,674,1,686,0,686,1,745,0,972,1,980,0,1086,0,1111,0,1435,0,,,,,,,,,,
555,13,555,4,555,9,555,2,555,1,560,1,560,9,560,2,560,1,560,5,563,1,563,3,563,1,568,1,568,1,576,0,576,1,576,1,576,0,580,6,585,5,585,0,593,2,602,1,623,1,661,1,674,1,678,1,690,0,690,1,749,0,976,1,985,0,1090,0,1116,0,1440,0,,,,,,,,,,
560,13,560,4,560,9,560,2,560,1,563,1,563,9,563,2,563,1,563,5,568,1,568,3,568,1,572,1,572,1,580,0,580,1,580,1,580,0,585,6,589,5,589,0,597,2,606,1,627,1,665,1,678,1,682,1,694,0,694,1,753,0,980,1,988,0,1094,0,1119,0,1444,0,,,,,,,,,,
563,13,563,4,563,9,563,2,563,1,568,1,568,10,568,2,568,1,568,5,572,1,572,3,572,1,576,1,576,1,585,0,585,1,585,1,585,0,589,6,593,5,593,0,602,2,610,1,631,1,670,1,682,1,686,1,699,0,699,1,757,0,985,1,993,0,1098,0,1123,0,1449,0,,,,,,,,,,
568,13,568,4,568,9,568,2,568,1,572,1,572,10,572,2,572,1,572,5,576,1,576,3,576,1,580,1,580,1,589,0,589,1,589,1,589,0,593,6,597,5,597,0,606,2,614,1,636,1,674,1,686,1,690,1,703,0,703,1,762,0,988,1,997,0,1103,0,1128,0,1452,0,,,,,,,,,,
572,13,572,3,572,9,572,2,572,1,576,1,576,10,576,2,576,1,576,5,580,1,580,3,580,1,585,1,585,1,593,0,593,1,593,1,593,0,597,5,602,5,602,0,610,2,618,1,640,2,678,1,690,1,694,1,707,0,707,1,766,0,993,1,1001,0,1107,0,1133,0,1457,0,,,,,,,,,,
576,13,576,3,576,9,576,2,576,1,580,1,580,10,580,2,580,1,580,5,585,1,585,3,585,1,589,1,589,1,597,0,597,1,597,1,597,0,602,5,606,5,606,0,614,1,623,1,644,2,682,1,694,1,699,0,711,0,711,1,771,0,997,1,1005,0,1111,0,1137,0,1461,0,,,,,,,,,,
580,13,580,3,580,9,580,2,580,1,585,1,585,10,585,2,585,1,585,5,589,1,589,3,589,1,593,1,593,1,602,0,602,1,602,1,602,0,606,5,610,5,610,0,618,1,627,1,648,2,686,1,699,1,703,0,716,0,716,1,774,0,1001,1,1010,0,1116,0,1140,0,1465,0,,,,,,,,,,
585,13,585,3,585,9,585,2,585,1,589,1,589,10,589,2,589,1,589,5,593,1,593,3,593,1,597,1,597,1,606,0,606,1,606,1,606,0,610,5,614,5,614,0,623,1,631,1,652,2,690,1,703,1,707,0,720,0,720,1,779,0,1005,1,1014,0,1119,0,1145,0,1470,0,,,,,,,,,,
589,13,589,3,589,9,589,2,589,1,593,1,593,10,593,2,593,1,593,5,597,1,597,3,597,1,602,1,602,1,610,0,610,1,610,1,610,0,614,5,618,3,618,0,627,0,636,1,657,2,694,1,707,1,711,0,724,0,724,1,783,0,1010,1,1018,0,1123,0,1149,0,1474,0,,,,,,,,,,
593,13,593,3,593,8,593,2,593,1,597,1,597,10,597,2,597,1,597,5,602,1,602,3,602,1,606,1,606,1,614,0,614,1,614,1,614,0,618,5,623,3,623,0,631,0,640,1,661,2,699,1,711,1,716,0,729,0,729,1,788,0,1014,1,1023,0,1128,0,1154,0,1478,0,,,,,,,,,,
597,13,597,3,597,8,597,2,597,1,602,1,602,10,602,2,602,1,602,5,606,1,606,3,606,1,610,1,610,1,618,0,618,1,618,1,618,0,623,5,627,3,627,0,636,0,644,1,665,2,703,1,716,1,720,0,733,0,733,1,792,0,1018,1,1027,0,1133,0,1158,0,1482,0,,,,,,,,,,
602,13,602,3,602,8,602,2,602,1,606,1,606,10,606,2,606,1,606,5,610,1,610,3,610,1,614,1,614,1,623,0,623,1,623,1,623,0,627,5,631,3,631,0,640,0,648,1,670,3,707,1,720,1,724,0,737,0,737,1,796,0,1023,1,1031,0,1137,0,1162,0,1486,0,,,,,,,,,,
606,13,606,3,606,8,606,2,606,1,610,1,610,10,610,2,610,1,610,4,614,1,614,3,614,1,618,1,618,1,627,0,627,1,627,1,627,0,631,5,636,3,636,0,644,0,652,1,674,3,711,1,724,1,729,0,741,0,741,1,800,0,1027,1,1035,0,1140,0,1166,0,1490,0,,,,,,,,,,
610,13,610,3,610,7,610,2,610,1,614,1,614,10,614,2,614,1,614,4,618,1,618,3,618,1,623,1,623,1,631,0,631,1,631,1,631,0,636,5,640,3,640,0,648,0,657,1,678,3,716,1,729,1,733,0,745,0,745,1,804,0,1031,1,1039,0,1145,0,1170,0,1494,0,,,,,,,,,,
614,13,614,3,614,7,614,2,614,1,618,1,618,10,618,2,618,1,618,4,623,1,623,3,623,1,627,1,627,1,636,1,636,1,636,1,636,0,640,6,644,3,644,0,652,0,661,1,682,3,720,1,733,1,737,0,749,0,749,1,808,0,1035,1,1043,0,1149,0,1174,1,1499,0,,,,,,,,,,
618,13,618,3,618,6,618,2,618,1,623,1,623,10,623,2,623,1,623,4,627,1,627,3,627,1,631,1,631,1,640,1,640,1,640,1,640,0,644,6,648,3,648,0,657,0,665,1,686,3,724,1,737,1,741,0,753,0,753,1,812,0,1039,1,1048,0,1154,0,1179,1,1503,0,,,,,,,,,,
623,13,623,3,623,6,623,2,623,1,627,1,627,9,627,2,627,1,627,4,631,1,631,3,631,1,636,1,636,1,644,1,644,1,644,1,644,0,648,6,652,3,652,0,661,1,670,1,690,3,729,1,741,1,745,0,757,0,757,1,817,0,1043,1,1052,0,1158,0,1183,1,1507,0,,,,,,,,,,
627,13,627,3,627,6,627,2,627,1,631,1,631,9,631,2,631,1,631,4,636,1,636,3,636,1,640,1,640,1,648,1,648,1,648,1,648,0,652,6,657,3,657,0,665,1,674,1,694,3,733,1,745,1,749,0,762,0,762,1,822,0,1048,1,1056,0,1162,0,1188,1,1511,0,,,,,,,,,,
631,13,631,3,631,6,631,2,631,1,636,1,636,9,636,2,636,1,636,4,640,1,640,3,640,1,644,1,644,1,652,1,652,1,652,1,652,0,657,6,661,3,661,0,670,1,678,1,699,3,737,1,749,1,753,0,766,1,766,1,825,0,1052,1,1061,0,1166,1,1191,1,1516,0,,,,,,,,,,
636,13,636,3,636,6,636,2,636,1,640,1,640,9,640,2,640,1,640,5,644,1,644,3,644,1,648,1,648,1,657,1,657,1,657,1,657,0,661,6,665,3,665,0,674,1,682,1,703,3,741,1,753,1,757,0,771,1,771,1,829,0,1056,1,1064,0,1170,1,1196,1,1520,0,,,,,,,,,,
640,13,640,3,640,6,640,2,640,1,644,1,644,9,644,2,644,1,644,5,648,1,648,3,648,1,652,1,652,1,661,1,661,1,661,1,661,0,665,6,670,3,670,1,678,1,686,1,707,3,745,1,757,1,762,0,774,1,774,1,909,0,1061,1,1069,0,1174,1,1200,1,1524,0,,,,,,,,,,
644,13,644,3,644,6,644,2,644,1,648,1,648,9,648,2,648,2,648,5,652,1,652,3,652,1,657,1,657,1,665,1,665,1,665,1,665,0,670,6,674,3,674,1,682,1,690,1,711,3,749,1,762,1,766,0,779,1,779,1,912,0,1064,1,1073,0,1179,1,1204,1,1529,0,,,,,,,,,,
648,13,648,3,648,6,648,2,648,1,652,1,652,9,652,2,652,2,652,5,657,1,657,2,657,1,661,1,661,1,670,1,670,1,670,1,670,0,674,6,678,3,678,1,686,1,694,1,716,3,753,1,766,1,771,0,783,1,783,1,917,0,1069,1,1078,0,1183,1,1208,1,1534,0,,,,,,,,,,
652,13,652,3,652,6,652,2,652,1,657,1,657,9,657,2,657,2,657,5,661,1,661,2,661,1,665,1,665,1,674,1,674,1,674,1,674,0,678,6,682,3,682,1,690,1,699,1,720,3,757,1,771,1,774,0,788,1,788,1,921,0,1073,1,1082,1,1188,1,1213,1,1538,0,,,,,,,,,,
657,13,657,3,657,6,657,2,657,1,661,1,661,9,661,2,661,2,661,5,665,1,665,2,665,1,670,1,670,1,678,1,678,1,678,1,678,1,682,6,686,2,686,1,694,1,703,1,724,3,762,1,774,1,779,0,792,1,792,1,925,0,1078,1,1086,1,1191,1,1216,1,1542,0,,,,,,,,,,
661,13,661,3,661,6,661,2,661,1,665,1,665,9,665,2,665,2,665,5,670,1,670,2,670,1,674,1,674,1,682,1,682,1,682,1,682,1,686,6,690,2,690,1,699,1,707,1,729,3,766,1,779,1,783,0,796,1,796,1,929,0,1082,1,1090,1,1196,1,1221,1,1546,0,,,,,,,,,,
665,13,665,3,665,6,665,2,665,1,670,1,670,9,670,2,670,2,670,5,674,1,674,2,674,1,678,1,678,1,686,1,686,1,686,1,686,1,690,6,694,2,694,1,703,1,711,1,733,3,771,1,783,1,788,1,800,1,800,1,934,0,1086,1,1094,1,1200,1,1225,1,1551,0,,,,,,,,,,
670,13,670,3,670,6,670,2,670,1,674,1,674,9,674,2,674,2,674,5,678,1,678,2,678,1,682,1,682,1,690,1,690,1,690,1,690,1,694,6,699,2,699,1,707,1,716,1,737,3,774,1,788,1,792,1,804,1,804,1,938,0,1090,1,1098,1,1204,1,1229,1,1555,0,,,,,,,,,,
674,13,674,3,674,6,674,2,674,1,678,1,678,9,678,2,678,2,678,5,682,1,682,2,682,1,686,1,686,1,694,1,694,1,694,1,694,1,699,6,703,2,703,1,711,1,720,1,741,3,779,1,792,1,796,1,808,1,808,1,942,0,1094,1,1103,1,1208,1,1234,1,1559,0,,,,,,,,,,
678,13,678,3,678,6,678,2,678,1,682,1,682,8,682,2,682,2,682,5,686,1,686,2,686,1,690,1,690,1,699,1,699,1,699,1,699,1,703,6,707,2,707,1,716,1,724,1,745,3,783,1,796,1,800,1,812,1,812,1,947,0,1098,1,1107,1,1213,1,1237,1,1563,0,,,,,,,,,,
682,13,682,3,682,6,682,2,682,1,686,1,686,7,686,2,686,2,686,5,690,1,690,2,690,1,694,1,694,1,703,1,703,1,703,1,703,1,707,6,711,2,711,1,720,1,729,0,749,3,788,1,800,1,804,1,817,1,817,1,950,0,1103,1,1111,1,1216,1,1242,1,1568,0,,,,,,,,,,
686,13,686,2,686,6,686,2,686,1,690,1,690,7,690,2,690,2,690,5,694,1,694,2,694,1,699,1,699,1,707,1,707,1,707,1,707,1,711,6,716,2,716,1,724,1,733,0,753,3,792,1,804,1,808,1,822,1,822,1,955,0,1107,1,1116,1,1221,1,1246,1,1572,0,,,,,,,,,,
690,13,690,2,690,6,690,2,690,1,694,1,694,7,694,2,694,2,694,5,699,1,699,2,699,0,703,1,703,1,711,1,711,1,711,1,711,1,716,6,720,2,720,1,729,1,737,0,757,3,796,1,808,1,812,1,825,1,825,1,959,0,1111,1,1119,1,1225,1,1250,1,1576,0,,,,,,,,,,
694,13,694,2,694,6,694,2,694,1,699,1,699,7,699,2,699,2,699,5,703,1,703,2,703,0,707,1,707,1,716,1,716,1,716,1,716,1,720,6,724,2,724,1,733,1,741,0,762,3,800,1,812,1,817,1,829,1,829,1,963,0,1116,1,1123,1,1229,1,1254,1,1581,0,,,,,,,,,,
699,13,699,1,699,6,699,2,699,1,703,1,703,7,703,2,703,2,703,5,707,1,707,2,707,0,711,1,711,1,720,1,720,1,720,1,720,1,724,6,729,2,729,1,737,1,745,0,766,3,804,1,817,1,822,1,909,1,909,1,967,0,1119,1,1128,1,1234,1,1259,1,1585,0,,,,,,,,,,
703,12,703,1,703,6,703,2,703,1,707,1,707,7,707,2,707,2,707,5,711,1,711,2,711,0,716,1,716,1,724,1,724,1,724,1,724,1,729,6,733,2,733,1,741,1,749,0,771,3,808,1,822,1,825,1,912,1,912,1,972,0,1123,1,1133,1,1237,1,1263,1,1589,0,,,,,,,,,,
707,12,707,1,707,5,707,2,707,1,711,1,711,7,711,2,711,2,711,5,716,1,716,2,716,0,720,1,720,1,729,1,729,1,729,1,729,1,733,6,737,2,737,1,745,1,753,0,774,3,812,1,825,1,829,1,917,0,917,1,976,0,1128,0,1137,1,1242,1,1267,1,1593,0,,,,,,,,,,
711,12,711,1,711,5,711,2,711,1,716,1,716,7,716,2,716,2,716,5,720,1,720,2,720,0,724,1,724,1,733,1,733,1,733,1,733,1,737,6,741,2,741,1,749,1,757,0,779,3,817,1,829,1,909,1,921,0,921,1,980,0,1133,0,1140,1,1246,1,1272,1,1597,0,,,,,,,,,,
716,12,716,2,716,5,716,2,716,1,720,1,720,6,720,1,720,2,720,5,724,1,724,2,724,0,729,1,729,1,737,1,737,1,737,1,737,1,741,6,745,2,745,1,753,1,762,0,783,3,822,1,909,1,912,1,925,0,925,1,985,0,1137,0,1145,1,1250,1,1276,1,1601,0,,,,,,,,,,
720,12,720,2,720,6,720,2,720,1,724,1,724,6,724,1,724,2,724,5,729,1,729,2,729,0,733,1,733,1,741,1,741,1,741,1,741,2,745,6,749,2,749,1,757,1,766,0,788,3,825,1,912,1,917,1,929,0,929,1,988,0,1140,0,1149,1,1254,1,1280,1,1605,0,,,,,,,,,,
724,12,724,2,724,6,724,2,724,1,729,1,729,6,729,1,729,2,729,5,733,1,733,2,733,0,737,1,737,1,745,1,745,1,745,1,745,2,749,6,753,2,753,1,762,1,771,0,792,3,829,1,917,1,921,1,934,0,934,1,993,0,1145,0,1154,1,1259,1,1284,1,1610,0,,,,,,,,,,
729,12,729,2,729,6,729,2,729,1,733,1,733,6,733,1,733,2,733,5,737,1,737,2,737,0,741,1,741,1,749,1,749,1,749,1,749,2,753,5,757,2,757,1,766,1,774,0,796,3,909,1,921,1,925,1,938,0,938,1,997,0,1149,0,1158,1,1263,1,1288,1,1613,0,,,,,,,,,,
733,12,733,2,733,7,733,2,733,1,737,1,737,6,737,1,737,2,737,5,741,1,741,2,741,0,745,1,745,1,753,1,753,1,753,1,753,2,757,5,762,2,762,1,771,1,779,0,800,3,912,1,925,2,929,1,942,0,942,1,1001,0,1154,0,1162,1,1267,1,1292,1,1618,0,,,,,,,,,,
737,12,737,2,737,8,737,2,737,1,741,1,741,6,741,1,741,2,741,5,745,1,745,2,745,0,749,1,749,1,757,1,757,1,757,1,757,2,762,5,766,2,766,1,774,1,783,0,804,3,917,1,929,1,934,1,947,0,947,1,1005,0,1158,0,1166,1,1272,1,1296,1,1622,0,,,,,,,,,,
741,12,741,2,741,8,741,2,741,1,745,1,745,6,745,2,745,2,745,5,749,1,749,2,749,0,753,1,753,1,762,1,762,1,762,1,762,2,766,5,771,2,771,1,779,1,788,0,808,3,921,1,934,1,938,1,950,0,950,0,1010,0,1162,0,1170,1,1276,1,1301,1,1627,0,,,,,,,,,,
745,12,745,2,745,9,745,2,745,1,749,1,749,6,749,2,749,2,749,5,753,1,753,2,753,0,757,1,757,1,766,1,766,1,766,1,766,2,771,5,774,1,774,1,783,1,792,0,812,3,925,1,938,1,942,1,955,0,955,0,1014,0,1166,0,1174,1,1280,1,1305,1,1630,0,,,,,,,,,,
749,12,749,2,749,10,749,2,749,1,753,1,753,5,753,1,753,2,753,5,757,1,757,2,757,0,762,1,762,1,771,1,771,1,771,1,771,2,774,5,779,1,779,1,788,1,796,0,817,3,929,0,942,1,947,1,959,0,959,0,1018,0,1170,0,1179,1,1284,1,1309,1,1635,0,,,,,,,,,,
753,12,753,2,753,10,753,2,753,1,757,1,757,5,757,2,757,2,757,5,762,1,762,2,762,1,766,1,766,1,774,1,774,1,774,1,774,2,779,5,783,2,783,1,792,1,800,0,822,3,934,0,947,1,950,1,963,0,963,0,1023,0,1174,0,1183,1,1288,1,1314,1,1639,0,,,,,,,,,,
757,12,757,2,757,10,757,2,757,1,762,1,762,5,762,2,762,2,762,5,766,1,766,2,766,1,771,1,771,1,779,1,779,1,779,1,779,2,783,5,788,1,788,1,796,1,804,0,825,3,938,0,950,1,955,1,967,0,967,0,1027,0,1179,0,1188,1,1292,1,1317,1,1644,0,,,,,,,,,,
762,12,762,2,762,10,762,2,762,1,766,1,766,5,766,2,766,2,766,5,771,1,771,2,771,1,774,1,774,1,783,1,783,1,783,1,783,2,788,5,792,1,792,1,800,1,808,0,829,3,942,0,955,1,959,1,972,0,972,0,1031,0,1183,0,1191,1,1296,2,1322,1,1647,0,,,,,,,,,,
766,12,766,2,766,10,766,2,766,1,771,1,771,5,771,2,771,2,771,5,774,1,774,2,774,1,779,1,779,1,788,0,788,1,788,1,788,2,792,5,796,1,796,1,804,1,812,0,909,1,947,0,959,1,963,1,976,0,976,0,1035,0,1188,0,1196,1,1301,2,1326,0,1651,0,,,,,,,,,,
771,12,771,2,771,10,771,2,771,1,774,1,774,5,774,2,774,2,774,5,779,1,779,3,779,1,783,1,783,1,792,0,792,1,792,1,792,2,796,5,800,1,800,1,808,1,817,0,912,1,950,0,963,1,967,1,980,0,980,1,1039,0,1191,0,1200,1,1305,2,1330,0,1656,0,,,,,,,,,,
774,12,774,2,774,10,774,2,774,1,779,1,779,5,779,2,779,2,779,5,783,1,783,3,783,1,788,1,788,1,796,0,796,1,796,1,796,2,800,5,804,1,804,1,812,0,822,0,917,1,955,0,967,1,972,1,985,0,985,1,1043,0,1196,0,1204,1,1309,2,1335,0,1660,0,,,,,,,,,,
779,12,779,2,779,10,779,2,779,1,783,1,783,5,783,2,783,2,783,5,788,1,788,2,788,1,792,1,792,1,800,0,800,1,800,1,800,2,804,5,808,1,808,1,817,0,825,0,921,1,959,0,972,1,976,1,988,0,988,1,1048,0,1200,0,1208,1,1314,2,1338,0,1665,0,,,,,,,,,,
783,12,783,2,783,10,783,2,783,1,788,1,788,5,788,2,788,2,788,5,792,1,792,2,792,1,796,1,796,1,804,0,804,1,804,1,804,2,808,5,812,1,812,1,822,0,829,0,925,1,963,1,976,1,980,1,993,0,993,1,1052,0,1204,0,1213,1,1317,2,1343,0,1668,0,,,,,,,,,,
788,12,788,2,788,10,788,2,788,1,792,1,792,5,792,2,792,2,792,5,796,1,796,2,796,1,800,1,800,1,808,0,808,1,808,1,808,2,812,5,817,1,817,1,825,1,909,0,929,1,967,1,980,1,985,1,997,0,997,1,1056,0,1208,0,1216,1,1322,2,1348,0,1673,0,,,,,,,,,,
792,12,792,2,792,10,792,2,792,1,796,1,796,5,796,2,796,2,796,4,800,1,800,2,800,1,804,1,804,1,812,0,812,1,812,1,812,2,817,5,822,1,822,1,829,1,912,0,934,1,972,1,985,2,988,1,1001,0,1001,1,1061,0,1213,0,1221,1,1326,2,1351,0,1677,0,,,,,,,,,,
796,12,796,2,796,10,796,2,796,1,800,1,800,5,800,2,800,1,800,4,804,1,804,2,804,1,808,1,808,1,817,0,817,1,817,1,817,2,822,5,825,1,825,1,909,1,917,0,938,2,976,1,988,2,993,1,1005,0,1005,1,1064,0,1216,0,1225,1,1330,2,1355,0,1681,0,,,,,,,,,,
800,12,800,2,800,10,800,2,800,1,804,1,804,5,804,2,804,1,804,4,808,1,808,2,808,1,812,1,812,1,822,0,822,1,822,1,822,2,825,4,829,2,829,1,912,1,921,0,942,2,980,1,993,2,997,1,1010,0,1010,1,1069,0,1221,0,1229,1,1335,2,1360,0,1686,0,,,,,,,,,,
804,12,804,2,804,10,804,2,804,1,808,1,808,5,808,3,808,1,808,4,812,1,812,2,812,1,817,1,817,1,825,0,825,1,825,1,825,2,829,4,909,2,909,1,917,1,925,0,947,2,985,1,997,2,1001,1,1014,0,1014,1,1073,0,1225,0,1234,1,1338,2,1364,0,1690,0,,,,,,,,,,
808,12,808,2,808,10,808,2,808,1,812,1,812,5,812,3,812,1,812,4,817,1,817,2,817,1,822,1,822,1,829,0,829,1,829,1,829,2,909,1,912,2,912,1,921,1,929,0,950,2,988,1,1001,2,1005,1,1018,0,1018,1,1078,0,1229,1,1237,1,1343,2,1368,0,1694,0,,,,,,,,,,
812,12,812,2,812,11,812,2,812,1,817,1,817,5,817,3,817,1,817,4,822,1,822,2,822,1,825,1,825,1,909,0,909,1,909,1,909,2,912,1,917,2,917,1,925,1,934,0,955,2,993,1,1005,2,1010,1,1023,0,1023,1,1082,0,1234,1,1242,1,1348,2,1373,0,1698,0,,,,,,,,,,
817,12,817,2,817,11,817,2,817,1,822,1,822,5,822,3,822,1,822,4,825,1,825,2,825,1,829,1,829,1,912,0,912,1,912,1,912,2,917,1,921,2,921,1,929,1,938,0,959,2,997,1,1010,2,1014,1,1027,0,1027,1,1086,0,1237,1,1246,1,1351,2,1376,0,1702,0,,,,,,,,,,
822,12,822,3,822,11,822,2,822,1,825,1,825,4,825,3,825,1,825,4,829,1,829,2,829,1,909,1,909,1,917,0,917,1,917,1,917,2,921,1,925,2,925,1,934,1,942,0,963,2,1001,1,1014,2,1018,1,1031,0,1031,1,1090,0,1242,1,1250,1,1355,2,1381,0,1706,0,,,,,,,,,,
825,12,825,3,825,11,825,2,825,1,829,1,829,4,829,3,829,1,829,4,909,1,909,2,909,1,912,1,912,1,921,0,921,1,921,1,921,2,925,1,929,2,929,1,938,1,947,0,967,2,1005,1,1018,2,1023,1,1035,0,1035,1,1094,0,1246,1,1254,1,1360,1,1385,0,1711,0,,,,,,,,,,
829,12,829,3,829,11,829,2,829,1,909,1,909,4,909,2,909,1,909,3,912,1,912,2,912,1,917,1,917,1,925,0,925,1,925,1,925,2,929,1,934,2,934,1,942,1,950,0,972,3,1010,1,1023,2,1027,1,1039,0,1039,1,1098,0,1250,1,1259,1,1364,1,1389,0,1715,0,,,,,,,,,,
909,13,909,2,909,6,909,2,909,1,912,1,912,4,912,2,912,1,912,3,917,1,917,2,917,1,921,1,921,1,929,0,929,1,929,1,929,2,934,1,938,2,938,1,947,1,955,0,976,3,1014,1,1027,2,1031,1,1043,0,1043,1,1103,0,1254,1,1263,1,1368,1,1393,0,1719,0,,,,,,,,,,
912,13,912,2,912,6,912,2,912,1,917,1,917,4,917,2,917,1,917,3,921,1,921,2,921,1,925,1,925,1,934,0,934,1,934,1,934,2,938,1,942,2,942,1,950,1,959,0,980,3,1018,1,1031,2,1035,1,1048,1,1048,1,1107,0,1259,1,1267,1,1373,1,1398,0,1724,0,,,,,,,,,,
917,13,917,2,917,6,917,2,917,1,921,1,921,4,921,2,921,1,921,3,925,1,925,2,925,1,929,1,929,1,938,1,938,1,938,1,938,2,942,0,947,2,947,1,955,1,963,0,985,3,1023,1,1035,2,1039,1,1052,1,1052,1,1111,0,1263,1,1272,1,1376,1,1402,0,1728,0,,,,,,,,,,
921,13,921,2,921,6,921,2,921,1,925,1,925,4,925,2,925,1,925,3,929,1,929,2,929,0,934,1,934,1,942,1,942,1,942,1,942,2,947,0,950,2,950,1,959,1,967,0,988,3,1027,1,1039,2,1043,1,1056,1,1056,1,1116,0,1267,1,1276,1,1381,1,1406,0,1732,0,,,,,,,,,,
925,13,925,2,925,7,925,2,925,1,929,1,929,4,929,2,929,1,929,4,934,1,934,2,934,1,938,1,938,1,947,1,947,1,947,1,947,2,950,0,955,2,955,1,963,1,972,0,993,3,1031,1,1043,2,1048,1,1061,1,1061,1,1119,0,1272,2,1280,1,1385,1,1410,0,1736,0,,,,,,,,,,
929,13,929,2,929,7,929,2,929,1,934,1,934,4,934,2,934,1,934,4,938,1,938,2,938,1,942,1,942,1,950,1,950,1,950,1,950,0,955,0,959,2,959,1,967,1,976,0,997,3,1035,1,1048,2,1052,1,1064,1,1064,1,1123,0,1276,2,1284,1,1389,1,1415,0,1740,0,,,,,,,,,,
934,13,934,2,934,7,934,2,934,2,938,1,938,4,938,2,938,1,938,4,942,1,942,2,942,1,947,1,947,1,955,1,955,1,955,1,955,1,959,1,963,2,963,1,972,1,980,0,1001,3,1039,1,1052,2,1056,1,1069,1,1069,1,1128,0,1280,2,1288,1,1393,1,1419,0,1744,0,,,,,,,,,,
938,13,938,2,938,8,938,2,938,2,942,1,942,4,942,2,942,1,942,4,947,1,947,2,947,1,950,1,950,1,959,1,959,1,959,1,959,1,963,2,967,2,967,1,976,1,985,0,1005,3,1043,1,1056,2,1061,0,1073,1,1073,1,1133,0,1284,2,1292,1,1398,1,1423,0,1748,0,,,,,,,,,,
942,15,942,2,942,8,942,2,942,2,947,1,947,4,947,2,947,1,947,5,950,1,950,2,950,1,955,1,955,1,963,1,963,1,963,1,963,1,967,2,972,2,972,1,980,1,988,0,1010,3,1048,1,1061,2,1064,0,1078,1,1078,1,1137,0,1288,2,1296,1,1402,1,1427,0,1752,0,,,,,,,,,,
947,15,947,2,947,8,947,2,947,2,950,1,950,4,950,2,950,1,950,5,955,1,955,2,955,1,959,1,959,1,967,1,967,1,967,1,967,1,972,2,976,3,976,1,985,1,993,0,1014,3,1052,1,1064,2,1069,0,1082,1,1082,1,1140,0,1292,2,1301,1,1406,1,1432,0,1757,0,,,,,,,,,,
950,15,950,2,950,8,950,2,950,2,955,1,955,4,955,2,955,1,955,5,959,1,959,1,959,1,963,1,963,1,972,1,972,1,972,1,972,1,976,2,980,2,980,0,988,1,997,0,1018,3,1056,1,1069,3,1073,0,1086,1,1086,1,1145,0,1296,2,1305,1,1410,1,1435,0,1761,0,,,,,,,,,,
955,15,955,2,955,8,955,2,955,2,959,1,959,4,959,2,959,1,959,5,963,1,963,1,963,1,967,1,967,1,976,1,976,1,976,1,976,1,980,2,985,2,985,0,993,1,1001,0,1023,3,1061,1,1073,3,1078,0,1090,1,1090,1,1149,0,1301,2,1309,1,1415,2,1440,0,1765,0,,,,,,,,,,
959,15,959,2,959,8,959,2,959,2,963,1,963,4,963,2,963,1,963,5,967,1,967,1,967,1,972,1,972,1,980,1,980,1,980,1,980,1,985,2,988,2,988,0,997,1,1005,0,1027,3,1064,1,1078,2,1082,0,1094,1,1094,1,1154,0,1305,2,1314,1,1419,2,1444,0,1770,0,,,,,,,,,,
963,15,963,2,963,7,963,2,963,2,967,1,967,4,967,2,967,1,967,5,972,1,972,2,972,1,976,1,976,1,985,1,985,1,985,1,985,1,988,2,993,3,993,0,1001,1,1010,0,1031,3,1069,1,1082,2,1086,0,1098,1,1098,1,1158,0,1309,2,1317,1,1423,2,1449,0,1774,0,,,,,,,,,,
967,15,967,2,967,7,967,2,967,2,972,1,972,4,972,2,972,1,972,5,976,1,976,2,976,1,980,1,980,1,988,1,988,1,988,1,988,1,993,2,997,3,997,0,1005,1,1014,0,1035,3,1073,1,1086,2,1090,0,1103,1,1103,1,1162,0,1314,2,1322,1,1427,2,1452,0,1778,0,,,,,,,,,,
972,15,972,2,972,6,972,2,972,2,976,1,976,4,976,1,976,1,976,5,980,1,980,2,980,1,985,1,985,1,993,1,993,1,993,1,993,1,997,2,1001,3,1001,0,1010,1,1018,0,1039,3,1078,1,1090,2,1094,0,1107,1,1107,1,1166,0,1317,2,1326,1,1432,2,1457,0,1782,0,,,,,,,,,,
976,15,976,2,976,6,976,2,976,2,980,1,980,4,980,1,980,1,980,5,985,1,985,2,985,1,988,1,988,1,997,1,997,1,997,1,997,1,1001,2,1005,3,1005,0,1014,1,1023,0,1043,3,1082,1,1094,2,1098,0,1111,1,1111,1,1170,0,1322,2,1330,1,1435,2,1461,0,1786,0,,,,,,,,,,
980,15,980,2,980,7,980,2,980,2,985,1,985,4,985,1,985,1,985,5,988,1,988,2,988,1,993,1,993,1,1001,1,1001,1,1001,1,1001,1,1005,2,1010,3,1010,0,1018,1,1027,0,1048,3,1086,1,1098,2,1103,0,1116,1,1116,1,1174,0,1326,3,1335,1,1440,2,1465,0,1790,0,,,,,,,,,,
985,15,985,2,985,7,985,2,985,2,988,1,988,4,988,1,988,1,988,5,993,1,993,2,993,1,997,1,997,1,1005,1,1005,1,1005,1,1005,1,1010,2,1014,3,1014,0,1023,1,1031,0,1052,3,1090,1,1103,2,1107,0,1119,1,1119,1,1179,0,1330,3,1338,1,1444,2,1470,0,1795,0,,,,,,,,,,
988,15,988,2,988,7,988,2,988,2,993,1,993,4,993,1,993,1,993,5,997,1,997,2,997,1,1001,1,1001,1,1010,1,1010,1,1010,1,1010,1,1014,2,1018,3,1018,0,1027,1,1035,0,1056,3,1094,1,1107,3,1111,0,1123,1,1123,1,1183,0,1335,3,1343,1,1449,2,1474,0,1799,0,,,,,,,,,,
993,15,993,3,993,7,993,2,993,2,997,1,997,4,997,1,997,1,997,5,1001,1,1001,2,1001,1,1005,1,1005,1,1014,1,1014,1,1014,1,1014,1,1018,2,1023,3,1023,0,1031,1,1039,0,1061,3,1098,1,1111,3,1116,0,1128,1,1128,1,1188,0,1338,3,1348,1,1452,2,1478,0,1803,0,,,,,,,,,,
997,15,997,3,997,7,997,2,997,2,1001,1,1001,5,1001,1,1001,1,1001,5,1005,1,1005,2,1005,1,1010,1,1010,1,1018,1,1018,1,1018,1,1018,1,1023,2,1027,3,1027,0,1035,1,1043,0,1064,3,1103,1,1116,3,1119,0,1133,1,1133,1,1191,0,1343,3,1351,1,1457,2,1482,0,,,,,,,,,,,,
1001,15,1001,3,1001,7,1001,2,1001,2,1005,1,1005,5,1005,1,1005,1,1005,5,1010,1,1010,2,1010,1,1014,1,1014,1,1023,1,1023,1,1023,1,1023,1,1027,2,1031,3,1031,0,1039,1,1048,0,1069,3,1107,1,1119,3,1123,0,1137,1,1137,1,1196,0,1348,3,1355,1,1461,2,1486,0,,,,,,,,,,,,
1005,15,1005,3,1005,7,1005,2,1005,2,1010,1,1010,5,1010,2,1010,1,1010,5,1014,1,1014,2,1014,1,1018,1,1018,1,1027,1,1027,1,1027,1,1027,1,1031,2,1035,3,1035,0,1043,1,1052,0,1073,3,1111,1,1123,3,1128,0,1140,1,1140,1,1200,0,1351,3,1360,1,1465,2,1490,0,,,,,,,,,,,,
1010,15,1010,3,1010,7,1010,2,1010,2,1014,1,1014,5,1014,2,1014,1,1014,5,1018,1,1018,2,1018,1,1023,1,1023,1,1031,1,1031,1,1031,1,1031,1,1035,2,1039,3,1039,0,1048,1,1056,0,1078,3,1116,1,1128,3,1133,0,1145,1,1145,1,1204,0,1355,3,1364,1,1470,2,1494,0,,,,,,,,,,,,
1014,15,1014,3,1014,7,1014,2,1014,2,1018,1,1018,6,1018,2,1018,1,1018,5,1023,1,1023,2,1023,1,1027,1,1027,1,1035,1,1035,1,1035,1,1035,1,1039,2,1043,3,1043,0,1052,1,1061,0,1082,3,1119,1,1133,3,1137,0,1149,1,1149,1,1208,0,1360,3,1368,1,1474,2,1499,0,,,,,,,,,,,,
1018,15,1018,3,1018,7,1018,2,1018,2,1023,1,1023,6,1023,2,1023,1,1023,5,1027,1,1027,2,1027,1,1031,1,1031,1,1039,1,1039,1,1039,1,1039,1,1043,2,1048,3,1048,0,1056,1,1064,0,1086,3,1123,1,1137,2,1140,0,1154,1,1154,1,1213,0,1364,3,1373,1,1478,2,1503,0,,,,,,,,,,,,
1023,15,1023,3,1023,8,1023,2,1023,2,1027,1,1027,6,1027,2,1027,1,1027,5,1031,1,1031,2,1031,1,1035,1,1035,1,1043,1,1043,1,1043,1,1043,1,1048,2,1052,3,1052,0,1061,1,1069,0,1090,2,1128,1,1140,2,1145,0,1158,1,1158,1,1216,0,1368,3,1376,1,1482,1,1507,0,,,,,,,,,,,,
1027,15,1027,3,1027,8,1027,2,1027,2,1031,1,1031,7,1031,2,1031,1,1031,5,1035,1,1035,2,1035,1,1039,1,1039,1,1048,1,1048,1,1048,1,1048,1,1052,2,1056,3,1056,0,1064,1,1073,0,1094,2,1133,1,1145,2,1149,1,1162,1,1162,1,1221,0,1373,3,1381,1,1486,1,1511,0,,,,,,,,,,,,
1031,15,1031,3,1031,8,1031,2,1031,2,1035,1,1035,8,1035,2,1035,1,1035,5,1039,1,1039,2,1039,1,1043,1,1043,1,1052,1,1052,1,1052,1,1052,1,1056,2,1061,3,1061,0,1069,0,1078,0,1098,2,1137,1,1149,2,1154,1,1166,1,1166,1,1225,0,1376,3,1385,1,1490,1,1516,0,,,,,,,,,,,,
1035,15,1035,3,1035,9,1035,2,1035,2,1039,1,1039,8,1039,2,1039,1,1039,5,1043,1,1043,2,1043,1,1048,1,1048,1,1056,1,1056,1,1056,1,1056,1,1061,3,1064,3,1064,0,1073,0,1082,0,1103,2,1140,1,1154,2,1158,1,1170,1,1170,1,1229,0,1381,2,1389,1,1494,1,1520,0,,,,,,,,,,,,
1039,15,1039,3,1039,9,1039,2,1039,2,1043,1,1043,8,1043,2,1043,1,1043,5,1048,1,1048,2,1048,1,1052,1,1052,1,1061,1,1061,1,1061,1,1061,1,1064,3,1069,3,1069,0,1078,0,1086,0,1107,2,1145,1,1158,2,1162,1,1174,1,1174,1,1234,0,1385,2,1393,1,1499,1,1524,0,,,,,,,,,,,,
1043,15,1043,3,1043,9,1043,2,1043,2,1048,1,1048,8,1048,2,1048,1,1048,5,1052,1,1052,2,1052,1,1056,1,1056,1,1064,1,1064,1,1064,1,1064,1,1069,3,1073,3,1073,0,1082,0,1090,0,1111,2,1149,1,1162,2,1166,1,1179,1,1179,1,1237,0,1389,2,1398,1,1503,1,1529,0,,,,,,,,,,,,
1048,15,1048,3,1048,9,1048,2,1048,2,1052,1,1052,8,1052,2,1052,1,1052,5,1056,1,1056,2,1056,1,1061,1,1061,1,1069,1,1069,1,1069,1,1069,1,1073,4,1078,3,1078,0,1086,0,1094,0,1116,2,1154,1,1166,2,1170,1,1183,1,1183,1,1242,0,1393,2,1402,1,1507,1,1534,0,,,,,,,,,,,,
1052,15,1052,3,1052,10,1052,2,1052,2,1056,1,1056,8,1056,2,1056,1,1056,5,1061,1,1061,2,1061,1,1064,1,1064,1,1073,1,1073,1,1073,1,1073,1,1078,4,1082,3,1082,0,1090,0,1098,0,1119,3,1158,1,1170,2,1174,1,1188,1,1188,1,1246,0,1398,2,1406,1,1511,1,1538,0,,,,,,,,,,,,
1056,15,1056,3,1056,10,1056,2,1056,2,1061,1,1061,8,1061,2,1061,1,1061,5,1064,1,1064,3,1064,1,1069,1,1069,1,1078,1,1078,1,1078,1,1078,1,1082,4,1086,3,1086,0,1094,0,1103,0,1123,2,1162,1,1174,3,1179,1,1191,1,1191,1,1250,0,1402,2,1410,1,1516,1,1542,0,,,,,,,,,,,,
1061,15,1061,3,1061,10,1061,2,1061,2,1064,1,1064,8,1064,2,1064,1,1064,5,1069,1,1069,3,1069,1,1073,1,1073,1,1082,1,1082,1,1082,1,1082,1,1086,4,1090,3,1090,0,1098,0,1107,0,1128,2,1166,1,1179,3,1183,1,1196,1,1196,1,1254,0,1406,2,1415,1,1520,1,1546,0,,,,,,,,,,,,
1064,15,1064,3,1064,10,1064,2,1064,2,1069,1,1069,8,1069,2,1069,1,1069,5,1073,1,1073,3,1073,1,1078,1,1078,1,1086,1,1086,1,1086,1,1086,1,1090,4,1094,3,1094,0,1103,0,1111,0,1133,2,1170,1,1183,3,1188,1,1200,1,1200,1,1259,0,1410,2,1419,1,1524,1,1551,0,,,,,,,,,,,,
1069,15,1069,3,1069,10,1069,2,1069,2,1073,1,1073,8,1073,2,1073,1,1073,5,1078,1,1078,3,1078,1,1082,1,1082,1,1090,0,1090,1,1090,1,1090,1,1094,4,1098,3,1098,0,1107,0,1116,0,1137,2,1174,1,1188,3,1191,1,1204,1,1204,1,1263,0,1415,2,1423,1,1529,1,1555,0,,,,,,,,,,,,
1073,15,1073,3,1073,11,1073,2,1073,2,1078,1,1078,9,1078,2,1078,1,1078,5,1082,1,1082,3,1082,1,1086,1,1086,1,1094,0,1094,1,1094,1,1094,1,1098,4,1103,3,1103,0,1111,0,1119,0,1140,2,1179,1,1191,3,1196,1,1208,1,1208,1,1267,0,1419,2,1427,1,1534,1,1559,0,,,,,,,,,,,,
1078,15,1078,4,1078,12,1078,2,1078,2,1082,1,1082,9,1082,2,1082,1,1082,5,1086,1,1086,3,1086,1,1090,1,1090,1,1098,0,1098,1,1098,1,1098,1,1103,4,1107,3,1107,0,1116,0,1123,0,1145,2,1183,1,1196,3,1200,1,1213,1,1213,1,1272,0,1423,1,1432,1,1538,1,1563,0,,,,,,,,,,,,
1082,15,1082,4,1082,12,1082,2,1082,2,1086,1,1086,9,1086,1,1086,1,1086,5,1090,1,1090,3,1090,1,1094,1,1094,1,1103,0,1103,1,1103,1,1103,1,1107,4,1111,3,1111,0,1119,0,1128,0,1149,2,1188,1,1200,3,1204,1,1216,1,1216,1,1276,0,1427,1,1435,1,1542,1,1568,0,,,,,,,,,,,,
1086,15,1086,4,1086,12,1086,2,1086,1,1090,1,1090,9,1090,1,1090,1,1090,5,1094,1,1094,3,1094,1,1098,1,1098,1,1107,0,1107,1,1107,1,1107,1,1111,3,1116,3,1116,0,1123,0,1133,0,1154,2,1191,1,1204,3,1208,1,1221,1,1221,2,1280,0,1432,1,1440,1,1546,1,1572,0,,,,,,,,,,,,
1090,15,1090,4,1090,11,1090,2,1090,1,1094,1,1094,9,1094,1,1094,1,1094,5,1098,1,1098,3,1098,1,1103,1,1103,1,1111,0,1111,1,1111,1,1111,1,1116,3,1119,3,1119,0,1128,0,1137,0,1158,2,1196,1,1208,3,1213,1,1225,1,1225,2,1284,0,1435,1,1444,1,1551,1,1576,0,,,,,,,,,,,,
1094,15,1094,4,1094,11,1094,2,1094,1,1098,1,1098,9,1098,1,1098,1,1098,5,1103,1,1103,3,1103,1,1107,1,1107,1,1116,0,1116,1,1116,1,1116,1,1119,4,1123,3,1123,0,1133,0,1140,0,1162,2,1200,1,1213,3,1216,1,1229,1,1229,2,1288,0,1440,1,1449,1,1555,2,1581,0,,,,,,,,,,,,
1098,15,1098,4,1098,11,1098,2,1098,1,1103,1,1103,9,1103,1,1103,1,1103,5,1107,1,1107,3,1107,1,1111,1,1111,1,1119,0,1119,1,1119,1,1119,1,1123,4,1128,2,1128,0,1137,0,1145,0,1166,2,1204,1,1216,3,1221,1,1234,1,1234,2,1292,0,1444,1,1452,1,1559,2,1585,0,,,,,,,,,,,,
1103,15,1103,4,1103,11,1103,2,1103,1,1107,1,1107,9,1107,2,1107,1,1107,5,1111,1,1111,3,1111,1,1116,1,1116,1,1123,0,1123,1,1123,1,1123,1,1128,4,1133,2,1133,0,1140,0,1149,0,1170,2,1208,1,1221,2,1225,1,1237,1,1237,2,1296,0,1449,1,1457,1,1563,2,1589,0,,,,,,,,,,,,
1107,15,1107,4,1107,11,1107,2,1107,1,1111,1,1111,9,1111,2,1111,1,1111,5,1116,1,1116,3,1116,1,1119,1,1119,1,1128,0,1128,1,1128,1,1128,1,1133,4,1137,2,1137,0,1145,0,1154,0,1174,2,1213,1,1225,2,1229,1,1242,1,1242,2,1301,0,1452,1,1461,1,1568,2,1593,0,,,,,,,,,,,,
1111,15,1111,4,1111,11,1111,2,1111,1,1116,1,1116,9,1116,2,1116,1,1116,5,1119,1,1119,3,1119,1,1123,1,1123,1,1133,0,1133,1,1133,1,1133,1,1137,4,1140,2,1140,0,1149,0,1158,0,1179,2,1216,1,1229,2,1234,1,1246,1,1246,2,1305,0,1457,1,1465,1,1572,2,1597,0,,,,,,,,,,,,
1116,15,1116,4,1116,11,1116,2,1116,1,1119,1,1119,9,1119,2,1119,1,1119,5,1123,1,1123,2,1123,1,1128,1,1128,1,1137,0,1137,1,1137,1,1137,1,1140,4,1145,1,1145,0,1154,0,1162,0,1183,2,1221,1,1234,2,1237,1,1250,1,1250,2,1309,0,1461,2,1470,1,1576,2,1601,0,,,,,,,,,,,,
1119,15,1119,4,1119,11,1119,2,1119,1,1123,1,1123,9,1123,2,1123,1,1123,5,1128,1,1128,2,1128,1,1133,1,1133,1,1140,0,1140,1,1140,1,1140,1,1145,4,1149,1,1149,0,1158,0,1166,0,1188,2,1225,1,1237,2,1242,1,1254,1,1254,2,1314,0,1465,2,1474,0,1581,2,1605,0,,,,,,,,,,,,
1123,15,1123,4,1123,11,1123,2,1123,1,1128,1,1128,9,1128,2,1128,1,1128,5,1133,1,1133,2,1133,1,1137,1,1137,1,1145,0,1145,1,1145,1,1145,1,1149,4,1154,1,1154,0,1162,0,1170,0,1191,2,1229,1,1242,2,1246,1,1259,1,1259,2,1317,0,1470,2,1478,0,1585,2,1610,1,,,,,,,,,,,,
1128,17,1128,4,1128,12,1128,2,1128,1,1133,1,1133,9,1133,2,1133,1,1133,5,1137,1,1137,2,1137,1,1140,1,1140,1,1149,0,1149,1,1149,1,1149,1,1154,4,1158,1,1158,0,1166,0,1174,0,1196,2,1234,1,1246,2,1250,1,1263,1,1263,2,1322,0,1474,2,1482,0,1589,2,1613,1,,,,,,,,,,,,
1133,17,1133,4,1133,11,1133,2,1133,1,1137,1,1137,9,1137,2,1137,1,1137,5,1140,1,1140,2,1140,1,1145,1,1145,1,1154,0,1154,1,1154,1,1154,1,1158,4,1162,1,1162,0,1170,0,1179,0,1200,2,1237,1,1250,2,1254,1,1267,1,1267,2,1326,0,1478,2,1486,0,1593,2,1618,1,,,,,,,,,,,,
1137,17,1137,4,1137,12,1137,2,1137,1,1140,1,1140,9,1140,2,1140,1,1140,5,1145,1,1145,2,1145,1,1149,1,1149,1,1158,0,1158,1,1158,1,1158,1,1162,4,1166,1,1166,0,1174,0,1183,0,1204,2,1242,1,1254,2,1259,1,1272,1,1272,2,1330,0,1482,2,1490,0,1597,2,1622,1,,,,,,,,,,,,
1140,17,1140,4,1140,12,1140,2,1140,1,1145,1,1145,10,1145,2,1145,1,1145,5,1149,1,1149,2,1149,1,1154,1,1154,1,1162,0,1162,1,1162,1,1162,1,1166,4,1170,1,1170,0,1179,0,1188,0,1208,2,1246,1,1259,1,1263,1,1276,1,1276,2,1335,0,1486,2,1494,0,1601,2,1627,1,,,,,,,,,,,,
1145,17,1145,3,1145,12,1145,2,1145,2,1149,1,1149,10,1149,2,1149,1,1149,5,1154,1,1154,2,1154,1,1158,1,1158,1,1166,0,1166,1,1166,1,1166,1,1170,4,1174,1,1174,0,1183,1,1191,0,1213,2,1250,1,1263,1,1267,1,1280,1,1280,2,1338,0,1490,2,1499,0,1605,2,1630,1,,,,,,,,,,,,
1149,17,1149,3,1149,11,1149,2,1149,2,1154,1,1154,10,1154,2,1154,1,1154,5,1158,1,1158,2,1158,1,1162,1,1162,1,1170,0,1170,1,1170,1,1170,1,1174,4,1179,1,1179,0,1188,1,1196,0,1216,2,1254,1,1267,1,1272,1,1284,1,1284,2,1343,0,1494,2,1503,0,1610,2,1635,1,,,,,,,,,,,,
1154,17,1154,3,1154,11,1154,2,1154,2,1158,1,1158,11,1158,2,1158,1,1158,5,1162,1,1162,2,1162,1,1166,1,1166,1,1174,0,1174,1,1174,1,1174,1,1179,4,1183,1,1183,0,1191,1,1200,0,1221,2,1259,1,1272,1,1276,1,1288,0,1288,2,1348,0,1499,2,1507,0,1613,2,1639,1,,,,,,,,,,,,
1158,17,1158,3,1158,11,1158,2,1158,2,1162,1,1162,11,1162,2,1162,1,1162,5,1166,1,1166,2,1166,1,1170,1,1170,1,1179,0,1179,1,1179,1,1179,1,1183,4,1188,1,1188,0,1196,1,1204,0,1225,2,1263,1,1276,1,1280,1,1292,0,1292,2,1351,0,1503,2,1511,0,1618,2,1644,1,,,,,,,,,,,,
1162,17,1162,3,1162,11,1162,2,1162,2,1166,1,1166,11,1166,2,1166,1,1166,5,1170,1,1170,3,1170,1,1174,1,1174,1,1183,0,1183,1,1183,1,1183,1,1188,4,1191,1,1191,0,1200,1,1208,0,1229,2,1267,1,1280,1,1284,1,1296,0,1296,2,1355,0,1507,2,1516,0,1622,2,1647,1,,,,,,,,,,,,
1166,17,1166,3,1166,11,1166,2,1166,2,1170,1,1170,10,1170,2,1170,1,1170,5,1174,1,1174,3,1174,1,1179,1,1179,1,1188,0,1188,1,1188,1,1188,1,1191,4,1196,1,1196,0,1204,1,1213,0,1234,2,1272,1,1284,1,1288,1,1301,0,1301,2,1360,0,1511,3,1520,0,1627,2,1651,1,,,,,,,,,,,,
1170,17,1170,3,1170,11,1170,2,1170,2,1174,1,1174,10,1174,2,1174,1,1174,5,1179,1,1179,3,1179,1,1183,1,1183,1,1191,0,1191,1,1191,1,1191,1,1196,4,1200,1,1200,0,1208,1,1216,0,1237,2,1276,1,1288,1,1292,1,1305,0,1305,2,1364,0,1516,3,1524,0,1630,2,1656,1,,,,,,,,,,,,
1174,17,1174,3,1174,10,1174,2,1174,2,1179,1,1179,10,1179,2,1179,1,1179,5,1183,1,1183,3,1183,1,1188,1,1188,1,1196,0,1196,1,1196,1,1196,1,1200,4,1204,1,1204,0,1213,1,1221,0,1242,2,1280,1,1292,1,1296,1,1309,0,1309,2,1368,0,1520,3,1529,0,1635,1,1660,1,,,,,,,,,,,,
1179,17,1179,3,1179,10,1179,2,1179,2,1183,1,1183,10,1183,2,1183,1,1183,5,1188,1,1188,3,1188,1,1191,1,1191,1,1200,0,1200,1,1200,1,1200,1,1204,4,1208,2,1208,0,1216,1,1225,0,1246,2,1284,1,1296,2,1301,1,1314,0,1314,2,1373,0,1524,3,1534,0,1639,1,1665,1,,,,,,,,,,,,
1183,17,1183,3,1183,10,1183,2,1183,2,1188,1,1188,9,1188,2,1188,1,1188,5,1191,1,1191,3,1191,1,1196,1,1196,1,1204,0,1204,1,1204,1,1204,1,1208,4,1213,2,1213,0,1221,1,1229,0,1250,2,1288,1,1301,2,1305,1,1317,0,1317,2,1376,0,1529,4,1538,0,1644,1,1668,1,,,,,,,,,,,,
1188,17,1188,4,1188,10,1188,2,1188,2,1191,1,1191,8,1191,2,1191,1,1191,5,1196,1,1196,3,1196,1,1200,1,1200,1,1208,0,1208,1,1208,1,1208,1,1213,3,1216,2,1216,0,1225,1,1234,0,1254,2,1292,1,1305,2,1309,1,1322,0,1322,2,1381,0,1534,4,1542,0,1647,1,1673,1,,,,,,,,,,,,
1191,17,1191,4,1191,10,1191,2,1191,2,1196,1,1196,8,1196,2,1196,1,1196,5,1200,1,1200,3,1200,1,1204,1,1204,1,1213,0,1213,1,1213,1,1213,0,1216,3,1221,2,1221,0,1229,1,1237,0,1259,2,1296,1,1309,3,1314,1,1326,0,1326,2,1385,0,1538,4,1546,0,1651,1,1677,1,,,,,,,,,,,,
1196,17,1196,4,1196,10,1196,2,1196,2,1200,1,1200,8,1200,2,1200,1,1200,5,1204,1,1204,3,1204,1,1208,1,1208,1,1216,0,1216,1,1216,1,1216,0,1221,3,1225,2,1225,0,1234,1,1242,0,1263,2,1301,1,1314,3,1317,1,1330,0,1330,2,1389,0,1542,4,1551,0,1656,1,1681,1,,,,,,,,,,,,
1200,17,1200,4,1200,11,1200,2,1200,2,1204,1,1204,9,1204,2,1204,1,1204,5,1208,1,1208,3,1208,1,1213,1,1213,1,1221,0,1221,1,1221,1,1221,0,1225,3,1229,2,1229,0,1237,1,1246,0,1267,2,1305,1,1317,3,1322,1,1335,0,1335,2,1393,0,1546,4,1555,0,1660,1,1686,1,,,,,,,,,,,,
1204,17,1204,4,1204,11,1204,2,1204,2,1208,1,1208,9,1208,2,1208,1,1208,5,1213,1,1213,3,1213,1,1216,1,1216,1,1225,0,1225,1,1225,1,1225,0,1229,3,1234,2,1234,0,1242,1,1250,0,1272,2,1309,1,1322,3,1326,1,1338,0,1338,2,1398,0,1551,4,1559,0,1665,1,1690,1,,,,,,,,,,,,
1208,17,1208,4,1208,12,1208,2,1208,2,1213,1,1213,9,1213,2,1213,1,1213,5,1216,1,1216,3,1216,1,1221,1,1221,1,1229,0,1229,1,1229,1,1229,0,1234,3,1237,2,1237,0,1246,1,1254,0,1276,2,1314,1,1326,2,1330,1,1343,0,1343,2,1402,0,1555,4,1563,0,1668,1,1694,1,,,,,,,,,,,,
1213,17,1213,4,1213,12,1213,2,1213,2,1216,1,1216,9,1216,2,1216,1,1216,5,1221,1,1221,3,1221,1,1225,1,1225,1,1234,0,1234,1,1234,1,1234,0,1237,3,1242,2,1242,0,1250,2,1259,0,1280,2,1317,1,1330,2,1335,1,1348,0,1348,2,1406,0,1559,3,1568,0,1673,1,1698,1,,,,,,,,,,,,
1216,17,1216,3,1216,12,1216,2,1216,2,1221,1,1221,9,1221,2,1221,1,1221,4,1225,1,1225,3,1225,1,1229,1,1229,1,1237,0,1237,1,1237,1,1237,0,1242,3,1246,2,1246,0,1254,2,1263,0,1284,2,1322,1,1335,2,1338,1,1351,0,1351,2,1410,0,1563,3,1572,0,1677,1,1702,1,,,,,,,,,,,,
1221,17,1221,3,1221,13,1221,2,1221,2,1225,1,1225,9,1225,2,1225,1,1225,4,1229,1,1229,3,1229,1,1234,1,1234,1,1242,1,1242,1,1242,1,1242,0,1246,3,1250,2,1250,0,1259,2,1267,0,1288,2,1326,1,1338,2,1343,1,1355,0,1355,2,1415,0,1568,3,1576,0,1681,1,1706,1,,,,,,,,,,,,
1225,17,1225,3,1225,13,1225,2,1225,2,1229,1,1229,8,1229,2,1229,1,1229,4,1234,1,1234,3,1234,1,1237,1,1237,1,1246,1,1246,1,1246,1,1246,0,1250,3,1254,2,1254,0,1263,2,1272,0,1292,2,1330,1,1343,2,1348,1,1360,0,1360,2,1419,0,1572,3,1581,0,1686,1,1711,1,,,,,,,,,,,,
1229,17,1229,3,1229,13,1229,2,1229,2,1234,1,1234,8,1234,2,1234,1,1234,4,1237,1,1237,3,1237,1,1242,1,1242,1,1250,1,1250,1,1250,1,1250,0,1254,3,1259,3,1259,0,1267,2,1276,0,1296,2,1335,1,1348,2,1351,1,1364,0,1364,2,1423,0,1576,3,1585,0,1690,1,1715,1,,,,,,,,,,,,
1234,17,1234,3,1234,13,1234,2,1234,2,1237,1,1237,8,1237,2,1237,1,1237,4,1242,1,1242,3,1242,1,1246,1,1246,1,1254,1,1254,1,1254,1,1254,1,1259,3,1263,3,1263,0,1272,2,1280,0,1301,2,1338,1,1351,2,1355,1,1368,0,1368,2,1427,0,1581,3,1589,0,1694,1,1719,1,,,,,,,,,,,,
1237,17,1237,3,1237,13,1237,2,1237,2,1242,1,1242,8,1242,2,1242,1,1242,4,1246,1,1246,3,1246,1,1250,1,1250,1,1259,1,1259,1,1259,0,1259,1,1263,3,1267,3,1267,0,1276,2,1284,0,1305,2,1343,1,1355,2,1360,1,1373,0,1373,0,1432,0,1585,3,1593,0,1698,1,1724,1,,,,,,,,,,,,
1242,17,1242,3,1242,12,1242,2,1242,2,1246,1,1246,8,1246,2,1246,1,1246,4,1250,1,1250,3,1250,1,1254,1,1254,1,1263,1,1263,1,1263,0,1263,1,1267,3,1272,3,1272,0,1280,2,1288,0,1309,2,1348,1,1360,2,1364,1,1376,0,1376,0,1435,0,1589,3,1597,0,1702,1,1728,1,,,,,,,,,,,,
1246,15,1246,4,1246,12,1246,2,1246,2,1250,1,1250,8,1250,2,1250,1,1250,4,1254,1,1254,3,1254,1,1259,1,1259,1,1267,1,1267,1,1267,0,1267,1,1272,3,1276,3,1276,0,1284,2,1292,0,1314,2,1351,1,1364,2,1368,1,1381,0,1381,0,1440,0,1593,3,1601,0,1706,1,1732,1,,,,,,,,,,,,
1250,15,1250,4,1250,12,1250,2,1250,2,1254,1,1254,8,1254,2,1254,1,1254,4,1259,1,1259,3,1259,1,1263,1,1263,1,1272,1,1272,1,1272,0,1272,1,1276,3,1280,3,1280,0,1288,2,1296,0,1317,2,1355,1,1368,2,1373,1,1385,0,1385,0,1444,0,1597,3,1605,0,1711,1,1736,1,,,,,,,,,,,,
1254,15,1254,4,1254,12,1254,2,1254,2,1259,1,1259,8,1259,2,1259,1,1259,4,1263,1,1263,3,1263,1,1267,1,1267,1,1276,1,1276,1,1276,0,1276,1,1280,3,1284,3,1284,0,1292,2,1301,0,1322,2,1360,1,1373,2,1376,1,1389,0,1389,0,1449,0,1601,3,1610,0,1715,1,1740,1,,,,,,,,,,,,
1259,15,1259,4,1259,12,1259,2,1259,2,1263,1,1263,8,1263,2,1263,1,1263,4,1267,1,1267,3,1267,1,1272,1,1272,1,1280,1,1280,1,1280,0,1280,1,1284,2,1288,4,1288,0,1296,2,1305,0,1326,2,1364,1,1376,2,1381,1,1393,0,1393,0,1452,0,1605,3,1613,0,1719,1,1744,1,,,,,,,,,,,,
1263,15,1263,4,1263,12,1263,2,1263,2,1267,1,1267,8,1267,2,1267,1,1267,4,1272,1,1272,3,1272,1,1276,1,1276,1,1284,1,1284,1,1284,0,1284,1,1288,2,1292,4,1292,0,1301,2,1309,0,1330,1,1368,1,1381,2,1385,1,1398,0,1398,0,1457,0,1610,4,1618,0,1724,1,1748,1,,,,,,,,,,,,
1267,15,1267,4,1267,11,1267,2,1267,2,1272,1,1272,8,1272,2,1272,2,1272,4,1276,1,1276,3,1276,1,1280,1,1280,1,1288,1,1288,1,1288,0,1288,1,1292,2,1296,4,1296,0,1305,2,1314,0,1335,1,1373,1,1385,2,1389,1,1402,0,1402,0,1461,0,1613,3,1622,0,1728,1,1752,1,,,,,,,,,,,,
1272,15,1272,4,1272,11,1272,2,1272,2,1276,1,1276,8,1276,2,1276,2,1276,4,1280,1,1280,3,1280,1,1284,1,1284,1,1292,1,1292,1,1292,0,1292,1,1296,2,1301,4,1301,0,1309,2,1317,0,1338,1,1376,1,1389,2,1393,1,1406,0,1406,0,1465,0,1618,3,1627,0,1732,1,1757,1,,,,,,,,,,,,
1276,15,1276,4,1276,11,1276,2,1276,2,1280,1,1280,8,1280,2,1280,2,1280,4,1284,1,1284,3,1284,1,1288,1,1288,1,1296,1,1296,1,1296,0,1296,1,1301,2,1305,4,1305,0,1314,2,1322,0,1343,1,1381,1,1393,2,1398,1,1410,0,1410,0,1470,0,1622,3,1630,0,1736,1,1761,1,,,,,,,,,,,,
1280,15,1280,4,1280,10,1280,2,1280,2,1284,1,1284,8,1284,2,1284,2,1284,4,1288,1,1288,3,1288,1,1292,1,1292,1,1301,1,1301,1,1301,0,1301,1,1305,2,1309,4,1309,0,1317,2,1326,0,1348,1,1385,1,1398,2,1402,1,1415,1,1415,0,1474,0,1627,3,1635,0,1740,1,1765,1,,,,,,,,,,,,
1284,15,1284,4,1284,11,1284,2,1284,2,1288,1,1288,8,1288,2,1288,2,1288,4,1292,1,1292,3,1292,1,1296,1,1296,1,1305,1,1305,1,1305,0,1305,1,1309,2,1314,4,1314,0,1322,2,1330,0,1351,1,1389,1,1402,2,1406,1,1419,1,1419,0,1478,0,1630,3,1639,0,1744,1,1770,1,,,,,,,,,,,,
1288,13,1288,4,1288,10,1288,2,1288,2,1292,1,1292,8,1292,2,1292,2,1292,4,1296,1,1296,3,1296,1,1301,1,1301,1,1309,1,1309,1,1309,0,1309,1,1314,2,1317,3,1317,0,1326,2,1335,0,1355,1,1393,1,1406,2,1410,1,1423,1,1423,0,1482,0,1635,3,1644,0,1748,1,1774,1,,,,,,,,,,,,
1292,13,1292,4,1292,10,1292,2,1292,2,1296,1,1296,7,1296,2,1296,2,1296,4,1301,1,1301,3,1301,0,1305,1,1305,1,1314,1,1314,1,1314,0,1314,1,1317,2,1322,3,1322,0,1330,2,1338,0,1360,3,1398,1,1410,2,1415,1,1427,1,1427,0,1486,0,1639,3,1647,0,1752,1,1778,1,,,,,,,,,,,,
1296,13,1296,4,1296,10,1296,2,1296,1,1301,1,1301,8,1301,2,1301,2,1301,4,1305,1,1305,3,1305,0,1309,1,1309,1,1317,1,1317,1,1317,0,1317,1,1322,2,1326,3,1326,0,1335,2,1343,0,1364,3,1402,1,1415,3,1419,1,1432,1,1432,0,1490,0,1644,3,1651,0,1757,1,1782,1,,,,,,,,,,,,
1301,13,1301,4,1301,10,1301,2,1301,1,1305,1,1305,8,1305,2,1305,2,1305,5,1309,1,1309,3,1309,0,1314,1,1314,1,1322,1,1322,1,1322,0,1322,1,1326,2,1330,3,1330,0,1338,2,1348,0,1368,3,1406,1,1419,3,1423,1,1435,1,1435,0,1494,0,1647,3,1656,0,1761,1,1786,1,,,,,,,,,,,,
1305,13,1305,4,1305,10,1305,2,1305,1,1309,1,1309,9,1309,2,1309,2,1309,5,1314,1,1314,3,1314,0,1317,1,1317,1,1326,1,1326,1,1326,0,1326,1,1330,2,1335,3,1335,0,1343,2,1351,0,1373,3,1410,1,1423,3,1427,1,1440,1,1440,0,1499,0,1651,3,1660,0,1765,1,1790,1,,,,,,,,,,,,
1309,13,1309,4,1309,11,1309,2,1309,1,1314,1,1314,9,1314,2,1314,2,1314,5,1317,1,1317,3,1317,0,1322,1,1322,1,1330,1,1330,1,1330,0,1330,1,1335,2,1338,3,1338,0,1348,2,1355,0,1376,3,1415,1,1427,3,1432,1,1444,1,1444,0,1503,0,1656,3,1665,0,1770,1,1795,1,,,,,,,,,,,,
1314,13,1314,4,1314,12,1314,2,1314,1,1317,1,1317,9,1317,2,1317,2,1317,5,1322,1,1322,2,1322,0,1326,1,1326,1,1335,1,1335,1,1335,0,1335,1,1338,2,1343,3,1343,0,1351,2,1360,0,1381,3,1419,0,1432,3,1435,1,1449,1,1449,0,1507,0,1660,3,1668,0,1774,1,1799,1,,,,,,,,,,,,
1317,13,1317,4,1317,12,1317,2,1317,1,1322,1,1322,9,1322,2,1322,2,1322,5,1326,1,1326,2,1326,0,1330,1,1330,1,1338,1,1338,1,1338,0,1338,1,1343,2,1348,4,1348,0,1355,2,1364,0,1385,3,1423,0,1435,3,1440,1,1452,1,1452,1,1511,0,1665,2,1673,0,1778,1,1803,1,,,,,,,,,,,,
1322,13,1322,4,1322,12,1322,2,1322,1,1326,1,1326,9,1326,2,1326,2,1326,5,1330,1,1330,2,1330,0,1335,1,1335,1,1343,1,1343,1,1343,0,1343,1,1348,2,1351,4,1351,0,1360,2,1368,0,1389,3,1427,0,1440,3,1444,1,1457,1,1457,1,1516,0,1668,2,1677,0,1782,1,,,,,,,,,,,,,,
1326,13,1326,4,1326,12,1326,2,1326,1,1330,1,1330,9,1330,2,1330,2,1330,5,1335,1,1335,2,1335,0,1338,1,1338,1,1348,1,1348,1,1348,0,1348,1,1351,2,1355,4,1355,0,1364,2,1373,0,1393,3,1432,0,1444,3,1449,1,1461,1,1461,1,1520,0,1673,2,1681,0,1786,1,,,,,,,,,,,,,,
1330,13,1330,4,1330,12,1330,2,1330,1,1335,1,1335,9,1335,2,1335,2,1335,5,1338,1,1338,3,1338,0,1343,1,1343,1,1351,1,1351,1,1351,1,1351,1,1355,2,1360,3,1360,0,1368,2,1376,0,1398,3,1435,0,1449,3,1452,1,1465,1,1465,1,1524,0,1677,2,1686,0,1790,1,,,,,,,,,,,,,,
1335,13,1335,3,1335,12,1335,2,1335,1,1338,1,1338,9,1338,2,1338,2,1338,5,1343,1,1343,3,1343,1,1348,1,1348,1,1355,1,1355,1,1355,1,1355,1,1360,2,1364,3,1364,0,1373,2,1381,0,1402,3,1440,0,1452,3,1457,1,1470,1,1470,1,1529,0,1681,2,1690,0,1795,1,,,,,,,,,,,,,,
1338,13,1338,2,1338,12,1338,2,1338,1,1343,1,1343,9,1343,2,1343,2,1343,5,1348,1,1348,3,1348,1,1351,1,1351,1,1360,1,1360,1,1360,1,1360,1,1364,2,1368,3,1368,0,1376,2,1385,0,1406,3,1444,0,1457,3,1461,1,1474,1,1474,1,1534,0,1686,1,1694,0,1799,1,,,,,,,,,,,,,,
1343,13,1343,2,1343,12,1343,2,1343,1,1348,1,1348,9,1348,2,1348,2,1348,5,1351,1,1351,3,1351,1,1355,1,1355,1,1364,1,1364,1,1364,1,1364,1,1368,2,1373,3,1373,0,1381,2,1389,0,1410,3,1449,0,1461,3,1465,1,1478,1,1478,1,1538,0,1690,2,1698,0,1803,1,,,,,,,,,,,,,,
1348,16,1348,2,1348,12,1348,2,1348,1,1351,1,1351,9,1351,2,1351,2,1351,5,1355,1,1355,3,1355,1,1360,1,1360,1,1368,1,1368,1,1368,1,1368,1,1373,2,1376,3,1376,0,1385,2,1393,0,1415,3,1452,0,1465,3,1470,1,1482,1,1482,1,1542,0,1694,2,1702,0,,,,,,,,,,,,,,,,
1351,16,1351,2,1351,10,1351,2,1351,1,1355,1,1355,9,1355,2,1355,2,1355,5,1360,1,1360,3,1360,1,1364,1,1364,1,1373,1,1373,1,1373,1,1373,1,1376,2,1381,3,1381,0,1389,2,1398,0,1419,3,1457,0,1470,3,1474,1,1486,1,1486,1,1546,0,1698,2,1706,0,,,,,,,,,,,,,,,,
1355,16,1355,2,1355,10,1355,2,1355,1,1360,1,1360,8,1360,1,1360,2,1360,5,1364,1,1364,2,1364,1,1368,1,1368,1,1376,1,1376,1,1376,1,1376,1,1381,2,1385,3,1385,0,1393,2,1402,0,1423,3,1461,0,1474,3,1478,1,1490,1,1490,1,1551,0,1702,2,1711,0,,,,,,,,,,,,,,,,
1360,16,1360,2,1360,11,1360,2,1360,1,1364,1,1364,8,1364,1,1364,2,1364,5,1368,1,1368,2,1368,1,1373,1,1373,1,1381,1,1381,1,1381,1,1381,1,1385,2,1389,3,1389,0,1398,2,1406,0,1427,3,1465,0,1478,3,1482,1,1494,1,1494,1,1555,0,1706,2,1715,0,,,,,,,,,,,,,,,,
1364,16,1364,3,1364,11,1364,2,1364,1,1368,1,1368,8,1368,1,1368,2,1368,5,1373,1,1373,2,1373,1,1376,1,1376,1,1385,1,1385,1,1385,1,1385,1,1389,2,1393,3,1393,0,1402,2,1410,0,1432,3,1470,0,1482,3,1486,1,1499,1,1499,1,1559,0,1711,2,1719,0,,,,,,,,,,,,,,,,
1368,16,1368,3,1368,11,1368,2,1368,1,1373,1,1373,8,1373,1,1373,2,1373,5,1376,1,1376,2,1376,1,1381,1,1381,1,1389,1,1389,1,1389,1,1389,1,1393,2,1398,3,1398,0,1406,2,1415,0,1435,3,1474,0,1486,3,1490,1,1503,1,1503,1,1563,0,1715,2,1724,0,,,,,,,,,,,,,,,,
1373,16,1373,3,1373,10,1373,2,1373,1,1376,1,1376,8,1376,1,1376,2,1376,5,1381,1,1381,2,1381,1,1385,1,1385,1,1393,1,1393,1,1393,1,1393,1,1398,2,1402,3,1402,0,1410,2,1419,0,1440,3,1478,0,1490,3,1494,1,1507,1,1507,1,1568,0,1719,2,1728,0,,,,,,,,,,,,,,,,
1376,16,1376,3,1376,11,1376,2,1376,1,1381,1,1381,9,1381,1,1381,2,1381,5,1385,1,1385,2,1385,1,1389,1,1389,1,1398,0,1398,1,1398,1,1398,1,1402,2,1406,3,1406,0,1415,2,1423,0,1444,3,1482,0,1494,3,1499,1,1511,1,1511,1,1572,0,1724,2,1732,0,,,,,,,,,,,,,,,,
1381,16,1381,3,1381,11,1381,2,1381,1,1385,1,1385,9,1385,1,1385,2,1385,5,1389,1,1389,2,1389,1,1393,1,1393,1,1402,0,1402,1,1402,1,1402,1,1406,2,1410,3,1410,0,1419,2,1427,0,1449,3,1486,0,1499,3,1503,1,1516,1,1516,1,1576,0,1728,2,1736,0,,,,,,,,,,,,,,,,
1385,18,1385,3,1385,12,1385,2,1385,1,1389,1,1389,9,1389,1,1389,2,1389,5,1393,1,1393,2,1393,1,1398,1,1398,1,1406,0,1406,1,1406,1,1406,1,1410,2,1415,3,1415,0,1423,2,1432,0,1452,3,1490,0,1503,3,1507,1,1520,1,1520,1,1581,0,1732,2,1740,0,,,,,,,,,,,,,,,,
1389,18,1389,3,1389,12,1389,2,1389,1,1393,1,1393,9,1393,2,1393,2,1393,5,1398,1,1398,2,1398,1,1402,1,1402,1,1410,0,1410,1,1410,1,1410,1,1415,3,1419,4,1419,0,1427,2,1435,0,1457,3,1494,0,1507,3,1511,1,1524,1,1524,1,1585,0,1736,2,1744,0,,,,,,,,,,,,,,,,
1393,18,1393,3,1393,12,1393,2,1393,1,1398,1,1398,8,1398,1,1398,2,1398,5,1402,1,1402,2,1402,1,1406,1,1406,1,1415,0,1415,1,1415,1,1415,1,1419,3,1423,4,1423,0,1432,1,1440,0,1461,3,1499,0,1511,3,1516,1,1529,1,1529,1,1589,0,1740,2,1748,0,,,,,,,,,,,,,,,,
1398,18,1398,2,1398,13,1398,2,1398,1,1402,1,1402,8,1402,1,1402,2,1402,5,1406,1,1406,2,1406,1,1410,1,1410,1,1419,0,1419,1,1419,1,1419,1,1423,3,1427,4,1427,0,1435,1,1444,0,1465,3,1503,0,1516,3,1520,1,1534,1,1534,1,1593,0,1744,2,1752,0,,,,,,,,,,,,,,,,
1402,18,1402,2,1402,14,1402,2,1402,1,1406,1,1406,8,1406,2,1406,2,1406,5,1410,1,1410,2,1410,1,1415,1,1415,1,1423,0,1423,1,1423,1,1423,1,1427,3,1432,4,1432,0,1440,1,1449,0,1470,3,1507,0,1520,3,1524,1,1538,1,1538,1,1597,0,1748,2,1757,0,,,,,,,,,,,,,,,,
1406,18,1406,3,1406,14,1406,2,1406,1,1410,1,1410,8,1410,2,1410,2,1410,5,1415,1,1415,2,1415,1,1419,1,1419,1,1427,0,1427,1,1427,1,1427,1,1432,4,1435,4,1435,0,1444,1,1452,0,1474,3,1511,0,1524,3,1529,1,1542,1,1542,1,1601,0,1752,2,1761,0,,,,,,,,,,,,,,,,
1410,18,1410,3,1410,14,1410,2,1410,1,1415,1,1415,9,1415,2,1415,2,1415,5,1419,1,1419,2,1419,1,1423,1,1423,1,1432,0,1432,1,1432,1,1432,0,1435,4,1440,3,1440,0,1449,1,1457,0,1478,3,1516,0,1529,3,1534,1,1546,1,1546,1,1605,0,1757,2,1765,0,,,,,,,,,,,,,,,,
1415,18,1415,3,1415,14,1415,2,1415,1,1419,1,1419,8,1419,2,1419,2,1419,5,1423,1,1423,2,1423,1,1427,1,1427,1,1435,0,1435,1,1435,1,1435,0,1440,4,1444,3,1444,0,1452,1,1461,0,1482,3,1520,0,1534,3,1538,1,1551,1,1551,1,1610,0,1761,1,1770,0,,,,,,,,,,,,,,,,
1419,19,1419,3,1419,14,1419,2,1419,1,1423,1,1423,8,1423,2,1423,1,1423,5,1427,1,1427,2,1427,1,1432,1,1432,1,1440,0,1440,1,1440,1,1440,0,1444,4,1449,4,1449,0,1457,1,1465,0,1486,3,1524,0,1538,3,1542,0,1555,1,1555,1,1613,0,1765,1,1774,0,,,,,,,,,,,,,,,,
1423,19,1423,3,1423,15,1423,2,1423,1,1427,1,1427,8,1427,2,1427,1,1427,5,1432,1,1432,2,1432,1,1435,1,1435,1,1444,0,1444,1,1444,1,1444,0,1449,4,1452,4,1452,0,1461,1,1470,0,1490,3,1529,0,1542,3,1546,0,1559,1,1559,1,1618,0,1770,1,1778,0,,,,,,,,,,,,,,,,
1427,19,1427,3,1427,15,1427,2,1427,1,1432,1,1432,8,1432,2,1432,1,1432,5,1435,1,1435,2,1435,1,1440,1,1440,1,1449,0,1449,1,1449,1,1449,0,1452,4,1457,4,1457,0,1465,1,1474,0,1494,3,1534,0,1546,3,1551,0,1563,1,1563,1,1622,0,1774,1,1782,0,,,,,,,,,,,,,,,,
1432,19,1432,3,1432,15,1432,2,1432,1,1435,1,1435,8,1435,2,1435,1,1435,5,1440,1,1440,2,1440,1,1444,1,1444,1,1452,0,1452,1,1452,1,1452,0,1457,4,1461,4,1461,0,1470,1,1478,0,1499,3,1538,0,1551,3,1555,0,1568,1,1568,1,1627,0,1778,1,1786,0,,,,,,,,,,,,,,,,
1435,19,1435,3,1435,14,1435,2,1435,1,1440,1,1440,8,1440,2,1440,1,1440,5,1444,1,1444,2,1444,1,1449,1,1449,1,1457,0,1457,1,1457,1,1457,0,1461,4,1465,4,1465,0,1474,1,1482,0,1503,3,1542,0,1555,3,1559,0,1572,1,1572,1,1630,0,1782,1,1790,0,,,,,,,,,,,,,,,,
1440,19,1440,3,1440,14,1440,2,1440,1,1444,1,1444,9,1444,2,1444,1,1444,5,1449,1,1449,2,1449,1,1452,1,1452,1,1461,0,1461,1,1461,1,1461,0,1465,4,1470,4,1470,0,1478,1,1486,0,1507,3,1546,0,1559,3,1563,0,1576,1,1576,1,1635,0,1786,1,1795,0,,,,,,,,,,,,,,,,
1444,19,1444,3,1444,14,1444,2,1444,1,1449,1,1449,10,1449,2,1449,1,1449,5,1452,1,1452,2,1452,1,1457,1,1457,1,1465,0,1465,1,1465,1,1465,0,1470,4,1474,4,1474,0,1482,1,1490,0,1511,2,1551,0,1563,3,1568,1,1581,1,1581,1,1639,0,1790,1,1799,0,,,,,,,,,,,,,,,,
1449,19,1449,3,1449,15,1449,2,1449,1,1452,1,1452,10,1452,2,1452,1,1452,5,1457,1,1457,2,1457,1,1461,1,1461,1,1470,0,1470,1,1470,1,1470,0,1474,4,1478,4,1478,0,1486,1,1494,0,1516,2,1555,0,1568,3,1572,1,1585,1,1585,1,1644,0,1795,1,1803,0,,,,,,,,,,,,,,,,
1452,19,1452,3,1452,14,1452,2,1452,1,1457,1,1457,10,1457,2,1457,1,1457,5,1461,1,1461,2,1461,1,1465,1,1465,1,1474,0,1474,1,1474,1,1474,0,1478,4,1482,4,1482,0,1490,1,1499,0,1520,2,1559,0,1572,2,1576,1,1589,1,1589,1,1647,0,1799,1,,,,,,,,,,,,,,,,,,
1457,19,1457,3,1457,14,1457,2,1457,1,1461,1,1461,9,1461,2,1461,1,1461,5,1465,1,1465,2,1465,1,1470,1,1470,1,1478,0,1478,1,1478,1,1478,0,1482,4,1486,4,1486,0,1494,1,1503,0,1524,2,1563,0,1576,2,1581,1,1593,1,1593,1,1651,0,1803,1,,,,,,,,,,,,,,,,,,
1461,19,1461,3,1461,14,1461,2,1461,1,1465,1,1465,10,1465,2,1465,1,1465,5,1470,1,1470,2,1470,1,1474,1,1474,1,1482,0,1482,1,1482,1,1482,0,1486,4,1490,4,1490,0,1499,1,1507,0,1529,2,1568,0,1581,2,1585,1,1597,1,1597,1,1656,0,,,,,,,,,,,,,,,,,,,,
1465,19,1465,3,1465,14,1465,2,1465,1,1470,1,1470,10,1470,2,1470,1,1470,5,1474,1,1474,2,1474,1,1478,1,1478,1,1486,0,1486,1,1486,1,1486,0,1490,4,1494,4,1494,0,1503,2,1511,0,1534,2,1572,1,1585,2,1589,1,1601,1,1601,1,1660,0,,,,,,,,,,,,,,,,,,,,
1470,19,1470,3,1470,13,1470,2,1470,1,1474,1,1474,10,1474,2,1474,1,1474,5,1478,1,1478,2,1478,1,1482,1,1482,1,1490,0,1490,1,1490,1,1490,0,1494,4,1499,4,1499,0,1507,2,1516,0,1538,2,1576,1,1589,2,1593,1,1605,1,1605,1,1665,0,,,,,,,,,,,,,,,,,,,,
1474,19,1474,3,1474,13,1474,2,1474,1,1478,1,1478,10,1478,2,1478,1,1478,5,1482,1,1482,2,1482,1,1486,1,1486,1,1494,0,1494,1,1494,1,1494,0,1499,4,1503,3,1503,0,1511,2,1520,0,1542,2,1581,1,1593,2,1597,1,1610,1,1610,1,1668,0,,,,,,,,,,,,,,,,,,,,
1478,19,1478,3,1478,13,1478,2,1478,1,1482,1,1482,10,1482,2,1482,1,1482,5,1486,1,1486,2,1486,1,1490,1,1490,1,1499,0,1499,1,1499,1,1499,0,1503,4,1507,3,1507,0,1516,2,1524,0,1546,2,1585,1,1597,2,1601,1,1613,1,1613,1,1673,0,,,,,,,,,,,,,,,,,,,,
1482,19,1482,3,1482,13,1482,2,1482,1,1486,1,1486,10,1486,2,1486,1,1486,5,1490,1,1490,2,1490,1,1494,1,1494,1,1503,0,1503,1,1503,1,1503,0,1507,4,1511,3,1511,0,1520,2,1529,0,1551,2,1589,1,1601,2,1605,1,1618,1,1618,1,1677,0,,,,,,,,,,,,,,,,,,,,
1486,19,1486,3,1486,13,1486,2,1486,1,1490,1,1490,11,1490,2,1490,1,1490,5,1494,1,1494,2,1494,1,1499,1,1499,1,1507,0,1507,1,1507,1,1507,0,1511,5,1516,3,1516,0,1524,2,1534,0,1555,2,1593,1,1605,2,1610,1,1622,1,1622,1,1681,0,,,,,,,,,,,,,,,,,,,,
1490,19,1490,3,1490,13,1490,2,1490,1,1494,1,1494,11,1494,2,1494,1,1494,5,1499,1,1499,2,1499,1,1503,1,1503,1,1511,0,1511,1,1511,1,1511,0,1516,5,1520,3,1520,0,1529,2,1538,0,1559,2,1597,1,1610,2,1613,1,1627,1,1627,1,1686,0,,,,,,,,,,,,,,,,,,,,
1494,19,1494,3,1494,13,1494,2,1494,1,1499,1,1499,11,1499,2,1499,1,1499,5,1503,1,1503,2,1503,1,1507,1,1507,1,1516,0,1516,1,1516,1,1516,0,1520,5,1524,3,1524,0,1534,2,1542,0,1563,2,1601,1,1613,2,1618,1,1630,1,1630,1,1690,0,,,,,,,,,,,,,,,,,,,,
1499,19,1499,3,1499,14,1499,2,1499,1,1503,1,1503,11,1503,2,1503,1,1503,5,1507,1,1507,2,1507,1,1511,1,1511,1,1520,0,1520,1,1520,1,1520,0,1524,5,1529,3,1529,0,1538,2,1546,0,1568,2,1605,1,1618,2,1622,1,1635,1,1635,1,1694,0,,,,,,,,,,,,,,,,,,,,
1503,19,1503,3,1503,14,1503,2,1503,1,1507,1,1507,11,1507,2,1507,1,1507,5,1511,1,1511,3,1511,1,1516,1,1516,1,1524,0,1524,1,1524,1,1524,0,1529,5,1534,3,1534,0,1542,2,1551,0,1572,2,1610,1,1622,2,1627,1,1639,1,1639,1,1698,0,,,,,,,,,,,,,,,,,,,,
1507,19,1507,3,1507,14,1507,2,1507,1,1511,1,1511,11,1511,2,1511,1,1511,5,1516,1,1516,3,1516,1,1520,1,1520,1,1529,0,1529,1,1529,1,1529,0,1534,5,1538,3,1538,0,1546,2,1555,0,1576,2,1613,1,1627,2,1630,1,1644,1,1644,1,1702,0,,,,,,,,,,,,,,,,,,,,
1511,19,1511,3,1511,13,1511,2,1511,1,1516,1,1516,11,1516,2,1516,1,1516,5,1520,1,1520,3,1520,1,1524,1,1524,1,1534,0,1534,1,1534,1,1534,0,1538,5,1542,3,1542,0,1551,2,1559,0,1581,2,1618,1,1630,2,1635,1,1647,1,1647,1,1706,0,,,,,,,,,,,,,,,,,,,,
1516,19,1516,3,1516,15,1516,2,1516,1,1520,1,1520,11,1520,2,1520,1,1520,5,1524,1,1524,3,1524,1,1529,1,1529,1,1538,0,1538,1,1538,1,1538,0,1542,5,1546,3,1546,0,1555,2,1563,0,1585,2,1622,1,1635,2,1639,1,1651,1,1651,1,1711,0,,,,,,,,,,,,,,,,,,,,
1520,19,1520,3,1520,15,1520,2,1520,1,1524,1,1524,11,1524,2,1524,1,1524,5,1529,1,1529,3,1529,1,1534,1,1534,1,1542,0,1542,1,1542,1,1542,0,1546,5,1551,3,1551,0,1559,2,1568,0,1589,2,1627,1,1639,2,1644,1,1656,1,1656,1,1715,0,,,,,,,,,,,,,,,,,,,,
1524,19,1524,3,1524,15,1524,2,1524,1,1529,1,1529,11,1529,2,1529,1,1529,5,1534,1,1534,3,1534,1,1538,1,1538,1,1546,0,1546,1,1546,1,1546,0,1551,5,1555,3,1555,0,1563,2,1572,0,1593,2,1630,1,1644,2,1647,1,1660,1,1660,1,1719,0,,,,,,,,,,,,,,,,,,,,
1529,19,1529,3,1529,14,1529,2,1529,1,1534,1,1534,10,1534,2,1534,1,1534,5,1538,1,1538,3,1538,1,1542,1,1542,1,1551,1,1551,1,1551,1,1551,0,1555,5,1559,3,1559,0,1568,2,1576,0,1597,2,1635,1,1647,2,1651,1,1665,1,1665,1,1724,0,,,,,,,,,,,,,,,,,,,,
1534,19,1534,3,1534,14,1534,2,1534,1,1538,1,1538,10,1538,2,1538,1,1538,5,1542,1,1542,3,1542,1,1546,1,1546,1,1555,1,1555,1,1555,1,1555,0,1559,5,1563,3,1563,0,1572,2,1581,0,1601,2,1639,1,1651,2,1656,1,1668,1,1668,1,1728,0,,,,,,,,,,,,,,,,,,,,
1538,19,1538,3,1538,14,1538,2,1538,1,1542,1,1542,10,1542,2,1542,1,1542,5,1546,1,1546,3,1546,1,1551,1,1551,1,1559,1,1559,1,1559,1,1559,0,1563,5,1568,3,1568,0,1576,2,1585,0,1605,2,1644,1,1656,3,1660,1,1673,1,1673,1,1732,0,,,,,,,,,,,,,,,,,,,,
1542,19,1542,3,1542,14,1542,2,1542,1,1546,1,1546,10,1546,2,1546,1,1546,5,1551,1,1551,3,1551,1,1555,1,1555,1,1563,1,1563,1,1563,1,1563,0,1568,5,1572,2,1572,0,1581,2,1589,0,1610,2,1647,1,1660,3,1665,1,1677,1,1677,1,1736,0,,,,,,,,,,,,,,,,,,,,
1546,19,1546,3,1546,14,1546,2,1546,1,1551,1,1551,10,1551,2,1551,1,1551,5,1555,1,1555,3,1555,1,1559,1,1559,1,1568,1,1568,1,1568,1,1568,0,1572,5,1576,2,1576,0,1585,2,1593,0,1613,2,1651,1,1665,3,1668,1,1681,1,1681,1,1740,0,,,,,,,,,,,,,,,,,,,,
1551,19,1551,3,1551,13,1551,2,1551,1,1555,1,1555,10,1555,2,1555,1,1555,5,1559,1,1559,3,1559,1,1563,1,1563,1,1572,1,1572,1,1572,1,1572,0,1576,4,1581,2,1581,0,1589,2,1597,0,1618,2,1656,1,1668,3,1673,1,1686,1,1686,1,1744,0,,,,,,,,,,,,,,,,,,,,
1555,19,1555,3,1555,12,1555,2,1555,1,1559,1,1559,10,1559,2,1559,1,1559,5,1563,1,1563,3,1563,1,1568,1,1568,1,1576,1,1576,1,1576,1,1576,0,1581,4,1585,2,1585,0,1593,2,1601,0,1622,2,1660,1,1673,3,1677,1,1690,1,1690,1,1748,0,,,,,,,,,,,,,,,,,,,,
1559,19,1559,2,1559,12,1559,2,1559,1,1563,1,1563,10,1563,2,1563,1,1563,5,1568,1,1568,3,1568,1,1572,1,1572,1,1581,1,1581,1,1581,1,1581,0,1585,4,1589,2,1589,0,1597,2,1605,0,1627,2,1665,1,1677,3,1681,1,1694,1,1694,1,1752,0,,,,,,,,,,,,,,,,,,,,
1563,19,1563,2,1563,13,1563,2,1563,1,1568,1,1568,9,1568,2,1568,1,1568,5,1572,1,1572,3,1572,1,1576,1,1576,1,1585,1,1585,1,1585,1,1585,0,1589,4,1593,2,1593,0,1601,2,1610,0,1630,2,1668,1,1681,3,1686,1,1698,1,1698,1,1757,0,,,,,,,,,,,,,,,,,,,,
1568,19,1568,2,1568,13,1568,2,1568,1,1572,1,1572,9,1572,3,1572,1,1572,5,1576,1,1576,3,1576,1,1581,1,1581,1,1589,1,1589,1,1589,1,1589,0,1593,3,1597,2,1597,0,1605,2,1613,0,1635,2,1673,1,1686,3,1690,1,1702,1,1702,1,1761,0,,,,,,,,,,,,,,,,,,,,
1572,19,1572,2,1572,12,1572,2,1572,1,1576,1,1576,8,1576,3,1576,1,1576,5,1581,1,1581,3,1581,1,1585,1,1585,1,1593,1,1593,1,1593,1,1593,0,1597,3,1601,1,1601,0,1610,2,1618,0,1639,2,1677,1,1690,3,1694,1,1706,1,1706,1,1765,0,,,,,,,,,,,,,,,,,,,,
1576,19,1576,2,1576,12,1576,2,1576,1,1581,1,1581,8,1581,3,1581,1,1581,5,1585,1,1585,3,1585,1,1589,1,1589,1,1597,1,1597,1,1597,1,1597,0,1601,3,1605,1,1605,0,1613,2,1622,0,1644,2,1681,1,1694,3,1698,1,1711,1,1711,1,1770,0,,,,,,,,,,,,,,,,,,,,
1581,19,1581,2,1581,12,1581,2,1581,1,1585,1,1585,8,1585,3,1585,1,1585,5,1589,1,1589,3,1589,1,1593,1,1593,1,1601,1,1601,1,1601,1,1601,0,1605,3,1610,1,1610,0,1618,2,1627,0,1647,2,1686,1,1698,3,1702,1,1715,0,1715,1,1774,0,,,,,,,,,,,,,,,,,,,,
1585,19,1585,2,1585,13,1585,2,1585,1,1589,1,1589,7,1589,3,1589,1,1589,5,1593,1,1593,3,1593,1,1597,1,1597,1,1605,1,1605,1,1605,1,1605,0,1610,3,1613,1,1613,0,1622,2,1630,0,1651,2,1690,1,1702,3,1706,1,1719,0,1719,1,1778,0,,,,,,,,,,,,,,,,,,,,
1589,19,1589,2,1589,13,1589,2,1589,1,1593,1,1593,7,1593,3,1593,1,1593,5,1597,1,1597,3,1597,1,1601,1,1601,1,1610,1,1610,1,1610,1,1610,0,1613,3,1618,1,1618,0,1627,2,1635,0,1656,2,1694,1,1706,3,1711,1,1724,0,1724,1,1782,0,,,,,,,,,,,,,,,,,,,,
1593,19,1593,2,1593,13,1593,2,1593,1,1597,1,1597,7,1597,3,1597,1,1597,5,1601,1,1601,3,1601,1,1605,1,1605,1,1613,1,1613,1,1613,1,1613,1,1618,3,1622,1,1622,0,1630,2,1639,0,1660,2,1698,1,1711,3,1715,1,1728,0,1728,1,1786,0,,,,,,,,,,,,,,,,,,,,
1597,19,1597,2,1597,13,1597,2,1597,1,1601,1,1601,6,1601,3,1601,1,1601,5,1605,1,1605,3,1605,1,1610,1,1610,1,1618,1,1618,1,1618,1,1618,1,1622,3,1627,1,1627,0,1635,2,1644,0,1665,2,1702,1,1715,3,1719,0,1732,0,1732,1,1790,0,,,,,,,,,,,,,,,,,,,,
1601,19,1601,2,1601,12,1601,2,1601,1,1605,1,1605,6,1605,3,1605,1,1605,5,1610,1,1610,3,1610,1,1613,1,1613,1,1622,1,1622,1,1622,1,1622,1,1627,3,1630,1,1630,0,1639,2,1647,0,1668,2,1706,1,1719,3,1724,0,1736,0,1736,1,1795,0,,,,,,,,,,,,,,,,,,,,
1605,19,1605,1,1605,12,1605,2,1605,1,1610,1,1610,7,1610,3,1610,1,1610,5,1613,1,1613,3,1613,1,1618,1,1618,1,1627,1,1627,1,1627,1,1627,1,1630,3,1635,2,1635,0,1644,2,1651,0,1673,2,1711,1,1724,3,1728,0,1740,0,1740,1,1799,0,,,,,,,,,,,,,,,,,,,,
1610,19,1610,2,1610,12,1610,2,1610,1,1613,1,1613,7,1613,3,1613,1,1613,5,1618,1,1618,3,1618,1,1622,1,1622,1,1630,1,1630,1,1630,1,1630,1,1635,3,1639,2,1639,0,1647,2,1656,0,1677,2,1715,1,1728,3,1732,0,1744,1,1744,1,1803,0,,,,,,,,,,,,,,,,,,,,
1613,19,1613,2,1613,12,1613,2,1613,1,1618,1,1618,6,1618,3,1618,1,1618,5,1622,1,1622,2,1622,1,1627,1,1627,1,1635,1,1635,1,1635,1,1635,1,1639,3,1644,2,1644,0,1651,2,1660,0,1681,2,1719,1,1732,3,1736,0,1748,1,1748,1,,,,,,,,,,,,,,,,,,,,,,
1618,19,1618,2,1618,13,1618,2,1618,1,1622,1,1622,6,1622,3,1622,1,1622,5,1627,1,1627,2,1627,1,1630,1,1630,1,1639,1,1639,1,1639,1,1639,1,1644,3,1647,2,1647,0,1656,2,1665,0,1686,2,1724,1,1736,3,1740,0,1752,1,1752,1,,,,,,,,,,,,,,,,,,,,,,
1622,19,1622,2,1622,13,1622,2,1622,1,1627,1,1627,6,1627,3,1627,1,1627,5,1630,1,1630,2,1630,1,1635,1,1635,1,1644,1,1644,1,1644,1,1644,1,1647,3,1651,2,1651,0,1660,2,1668,0,1690,2,1728,1,1740,3,1744,0,1757,1,1757,1,,,,,,,,,,,,,,,,,,,,,,
1627,19,1627,2,1627,13,1627,2,1627,1,1630,1,1630,6,1630,3,1630,1,1630,5,1635,1,1635,2,1635,1,1639,1,1639,1,1647,1,1647,1,1647,1,1647,1,1651,3,1656,2,1656,0,1665,1,1673,0,1694,2,1732,1,1744,3,1748,1,1761,1,1761,1,,,,,,,,,,,,,,,,,,,,,,
1630,19,1630,2,1630,13,1630,2,1630,1,1635,1,1635,6,1635,3,1635,1,1635,5,1639,1,1639,2,1639,1,1644,1,1644,1,1651,1,1651,1,1651,1,1651,1,1656,3,1660,2,1660,0,1668,1,1677,0,1698,2,1736,1,1748,3,1752,1,1765,1,1765,1,,,,,,,,,,,,,,,,,,,,,,
1635,19,1635,2,1635,12,1635,2,1635,1,1639,1,1639,6,1639,3,1639,1,1639,5,1644,1,1644,2,1644,1,1647,1,1647,1,1656,1,1656,1,1656,1,1656,1,1660,3,1665,2,1665,0,1673,1,1681,0,1702,2,1740,1,1752,3,1757,1,1770,1,1770,1,,,,,,,,,,,,,,,,,,,,,,
1639,19,1639,3,1639,12,1639,2,1639,1,1644,1,1644,5,1644,3,1644,1,1644,5,1647,1,1647,2,1647,1,1651,1,1651,1,1660,1,1660,1,1660,1,1660,1,1665,3,1668,2,1668,0,1677,1,1686,0,1706,2,1744,1,1757,3,1761,1,1774,1,1774,1,,,,,,,,,,,,,,,,,,,,,,
1644,19,1644,3,1644,12,1644,2,1644,1,1647,1,1647,5,1647,3,1647,1,1647,5,1651,1,1651,2,1651,1,1656,1,1656,1,1665,1,1665,1,1665,1,1665,1,1668,3,1673,2,1673,0,1681,1,1690,0,1711,2,1748,1,1761,3,1765,1,1778,1,1778,1,,,,,,,,,,,,,,,,,,,,,,
1647,19,1647,3,1647,12,1647,2,1647,1,1651,1,1651,5,1651,3,1651,1,1651,5,1656,1,1656,2,1656,1,1660,1,1660,1,1668,1,1668,1,1668,1,1668,1,1673,3,1677,2,1677,0,1686,1,1694,0,1715,2,1752,1,1765,3,1770,1,1782,1,1782,1,,,,,,,,,,,,,,,,,,,,,,
1651,19,1651,3,1651,11,1651,2,1651,1,1656,1,1656,5,1656,3,1656,1,1656,5,1660,1,1660,2,1660,1,1665,1,1665,1,1673,1,1673,1,1673,1,1673,1,1677,3,1681,2,1681,0,1690,1,1698,0,1719,2,1757,1,1770,3,1774,1,1786,1,1786,1,,,,,,,,,,,,,,,,,,,,,,
1656,19,1656,4,1656,11,1656,2,1656,1,1660,1,1660,5,1660,3,1660,1,1660,5,1665,1,1665,2,1665,1,1668,1,1668,1,1677,1,1677,1,1677,1,1677,1,1681,3,1686,2,1686,0,1694,1,1702,0,1724,2,1761,1,1774,3,1778,1,1790,1,1790,1,,,,,,,,,,,,,,,,,,,,,,
1660,19,1660,4,1660,11,1660,2,1660,1,1665,1,1665,5,1665,3,1665,1,1665,5,1668,1,1668,2,1668,1,1673,1,1673,1,1681,1,1681,1,1681,1,1681,1,1686,3,1690,2,1690,0,1698,1,1706,0,1728,2,1765,1,1778,3,1782,1,1795,1,1795,1,,,,,,,,,,,,,,,,,,,,,,
1665,19,1665,4,1665,11,1665,2,1665,1,1668,1,1668,5,1668,3,1668,1,1668,5,1673,1,1673,2,1673,1,1677,1,1677,1,1686,1,1686,1,1686,1,1686,1,1690,3,1694,2,1694,0,1702,1,1711,0,1732,2,1770,1,1782,3,1786,1,1799,1,1799,1,,,,,,,,,,,,,,,,,,,,,,
1668,19,1668,4,1668,10,1668,2,1668,1,1673,1,1673,5,1673,3,1673,1,1673,5,1677,1,1677,2,1677,1,1681,1,1681,1,1690,1,1690,1,1690,1,1690,1,1694,2,1698,2,1698,0,1706,1,1715,0,1736,2,1774,1,1786,3,1790,1,1803,1,1803,1,,,,,,,,,,,,,,,,,,,,,,
1673,17,1673,4,1673,11,1673,2,1673,1,1677,1,1677,5,1677,3,1677,1,1677,5,1681,1,1681,2,1681,1,1686,1,1686,1,1694,1,1694,1,1694,1,1694,1,1698,2,1702,2,1702,0,1711,1,1719,0,1740,2,1778,1,1790,3,1795,1,,,,,,,,,,,,,,,,,,,,,,,,,,
1677,17,1677,4,1677,11,1677,2,1677,1,1681,1,1681,5,1681,3,1681,1,1681,5,1686,1,1686,2,1686,1,1690,1,1690,1,1698,1,1698,1,1698,1,1698,1,1702,2,1706,2,1706,0,1715,1,1724,0,1744,2,1782,1,1795,3,1799,1,,,,,,,,,,,,,,,,,,,,,,,,,,
1681,17,1681,4,1681,11,1681,2,1681,1,1686,1,1686,5,1686,3,1686,1,1686,5,1690,1,1690,2,1690,1,1694,1,1694,1,1702,0,1702,1,1702,1,1702,1,1706,2,1711,2,1711,0,1719,1,1728,0,1748,2,1786,1,1799,3,1803,1,,,,,,,,,,,,,,,,,,,,,,,,,,
1686,17,1686,4,1686,11,1686,2,1686,1,1690,1,1690,6,1690,3,1690,1,1690,4,1694,1,1694,2,1694,1,1698,1,1698,1,1706,0,1706,1,1706,1,1706,1,1711,2,1715,4,1715,0,1724,1,1732,0,1752,2,1790,1,1803,4,,,,,,,,,,,,,,,,,,,,,,,,,,,,
1690,17,1690,4,1690,11,1690,2,1690,1,1694,1,1694,6,1694,3,1694,1,1694,4,1698,1,1698,2,1698,1,1702,1,1702,1,1711,0,1711,1,1711,1,1711,1,1715,3,1719,4,1719,0,1728,0,1736,0,1757,2,1795,1,,,,,,,,,,,,,,,,,,,,,,,,,,,,,,
1694,17,1694,4,1694,11,1694,2,1694,1,1698,1,1698,6,1698,3,1698,1,1698,4,1702,1,1702,2,1702,1,1706,1,1706,1,1715,0,1715,1,1715,1,1715,1,1719,3,1724,4,1724,0,1732,0,1740,0,1761,2,1799,1,,,,,,,,,,,,,,,,,,,,,,,,,,,,,,
1698,17,1698,4,1698,11,1698,2,1698,1,1702,1,1702,6,1702,3,1702,1,1702,4,1706,1,1706,2,1706,1,1711,1,1711,1,1719,0,1719,1,1719,1,1719,1,1724,3,1728,4,1728,0,1736,0,1744,0,1765,2,1803,1,,,,,,,,,,,,,,,,,,,,,,,,,,,,,,
1702,17,1702,4,1702,12,1702,2,1702,1,1706,1,1706,6,1706,3,1706,1,1706,4,1711,1,1711,2,1711,1,1715,1,1715,1,1724,0,1724,1,1724,1,1724,1,1728,3,1732,3,1732,0,1740,1,1748,0,1770,2,,,,,,,,,,,,,,,,,,,,,,,,,,,,,,,,
1706,17,1706,4,1706,12,1706,2,1706,1,1711,1,1711,6,1711,3,1711,1,1711,4,1715,1,1715,2,1715,1,1719,1,1719,1,1728,0,1728,1,1728,1,1728,1,1732,3,1736,3,1736,0,1744,1,1752,0,1774,2,,,,,,,,,,,,,,,,,,,,,,,,,,,,,,,,
1711,17,1711,4,1711,12,1711,2,1711,1,1715,1,1715,6,1715,3,1715,1,1715,4,1719,1,1719,2,1719,1,1724,1,1724,1,1732,0,1732,1,1732,1,1732,1,1736,3,1740,3,1740,0,1748,1,1757,0,1778,2,,,,,,,,,,,,,,,,,,,,,,,,,,,,,,,,
1715,17,1715,4,1715,12,1715,2,1715,1,1719,1,1719,6,1719,3,1719,1,1719,4,1724,1,1724,2,1724,1,1728,1,1728,1,1736,0,1736,1,1736,1,1736,1,1740,3,1744,3,1744,0,1752,1,1761,0,1782,2,,,,,,,,,,,,,,,,,,,,,,,,,,,,,,,,
1719,17,1719,4,1719,12,1719,2,1719,1,1724,1,1724,6,1724,3,1724,1,1724,4,1728,1,1728,2,1728,1,1732,1,1732,1,1740,0,1740,1,1740,1,1740,1,1744,3,1748,3,1748,0,1757,1,1765,0,1786,2,,,,,,,,,,,,,,,,,,,,,,,,,,,,,,,,
1724,17,1724,4,1724,12,1724,2,1724,1,1728,1,1728,6,1728,3,1728,1,1728,4,1732,1,1732,2,1732,1,1736,1,1736,1,1744,0,1744,1,1744,1,1744,1,1748,3,1752,3,1752,0,1761,1,1770,0,1790,2,,,,,,,,,,,,,,,,,,,,,,,,,,,,,,,,
1728,17,1728,4,1728,12,1728,2,1728,1,1732,1,1732,6,1732,3,1732,1,1732,4,1736,1,1736,2,1736,1,1740,1,1740,1,1748,0,1748,1,1748,1,1748,1,1752,3,1757,3,1757,0,1765,1,1774,0,1795,2,,,,,,,,,,,,,,,,,,,,,,,,,,,,,,,,
1732,17,1732,4,1732,12,1732,2,1732,1,1736,1,1736,6,1736,3,1736,1,1736,4,1740,1,1740,2,1740,0,1744,1,1744,1,1752,0,1752,1,1752,1,1752,1,1757,3,1761,3,1761,0,1770,1,1778,0,1799,2,,,,,,,,,,,,,,,,,,,,,,,,,,,,,,,,
1736,17,1736,4,1736,11,1736,2,1736,1,1740,1,1740,6,1740,3,1740,1,1740,4,1744,1,1744,2,1744,1,1748,1,1748,1,1757,0,1757,1,1757,1,1757,1,1761,3,1765,3,1765,0,1774,1,1782,0,1803,2,,,,,,,,,,,,,,,,,,,,,,,,,,,,,,,,
1740,17,1740,4,1740,11,1740,2,1740,1,1744,1,1744,7,1744,3,1744,1,1744,4,1748,1,1748,2,1748,1,1752,1,1752,1,1761,0,1761,1,1761,1,1761,1,1765,3,1770,4,1770,0,1778,1,1786,0,,,,,,,,,,,,,,,,,,,,,,,,,,,,,,,,,,
1744,17,1744,4,1744,11,1744,2,1744,1,1748,1,1748,7,1748,3,1748,1,1748,4,1752,1,1752,2,1752,1,1757,1,1757,1,1765,0,1765,1,1765,1,1765,1,1770,3,1774,4,1774,0,1782,1,1790,0,,,,,,,,,,,,,,,,,,,,,,,,,,,,,,,,,,
1748,17,1748,4,1748,11,1748,2,1748,1,1752,1,1752,7,1752,2,1752,1,1752,4,1757,1,1757,2,1757,1,1761,1,1761,1,1770,0,1770,1,1770,1,1770,1,1774,3,1778,4,1778,0,1786,1,1795,0,,,,,,,,,,,,,,,,,,,,,,,,,,,,,,,,,,
1752,17,1752,4,1752,11,1752,2,1752,1,1757,1,1757,6,1757,2,1757,1,1757,4,1761,1,1761,3,1761,1,1765,1,1765,1,1774,0,1774,1,1774,1,1774,1,1778,3,1782,4,1782,0,1790,1,1799,0,,,,,,,,,,,,,,,,,,,,,,,,,,,,,,,,,,
1757,15,1757,4,1757,11,1757,2,1757,1,1761,1,1761,7,1761,2,1761,1,1761,4,1765,1,1765,3,1765,1,1770,1,1770,1,1778,0,1778,1,1778,1,1778,1,1782,4,1786,4,1786,0,1795,1,1803,0,,,,,,,,,,,,,,,,,,,,,,,,,,,,,,,,,,
1761,15,1761,4,1761,11,1761,2,1761,1,1765,1,1765,7,1765,2,1765,1,1765,4,1770,1,1770,3,1770,1,1774,1,1774,1,1782,0,1782,1,1782,1,1782,1,1786,4,1790,4,1790,0,1799,1,,,,,,,,,,,,,,,,,,,,,,,,,,,,,,,,,,,,
1765,15,1765,4,1765,11,1765,2,1765,1,1770,1,1770,7,1770,2,1770,1,1770,4,1774,1,1774,3,1774,1,1778,1,1778,1,1786,0,1786,1,1786,1,1786,1,1790,4,1795,4,1795,0,1803,1,,,,,,,,,,,,,,,,,,,,,,,,,,,,,,,,,,,,
1770,15,1770,4,1770,11,1770,2,1770,1,1774,1,1774,7,1774,2,1774,1,1774,4,1778,1,1778,3,1778,1,1782,1,1782,1,1790,0,1790,1,1790,1,1790,1,1795,4,1799,4,1799,0,,,,,,,,,,,,,,,,,,,,,,,,,,,,,,,,,,,,,,
1774,15,1774,4,1774,11,1774,2,1774,1,1778,1,1778,7,1778,2,1778,1,1778,4,1782,1,1782,3,1782,1,1786,1,1786,1,1795,0,1795,1,1795,1,1795,1,1799,4,1803,4,1803,0,,,,,,,,,,,,,,,,,,,,,,,,,,,,,,,,,,,,,,
1778,15,1778,4,1778,11,1778,2,1778,1,1782,1,1782,7,1782,2,1782,1,1782,4,1786,1,1786,3,1786,1,1790,1,1790,1,1799,0,1799,2,1799,1,1799,1,1803,4,,,,,,,,,,,,,,,,,,,,,,,,,,,,,,,,,,,,,,,,,,
1782,15,1782,4,1782,12,1782,2,1782,1,1786,1,1786,7,1786,2,1786,1,1786,4,1790,1,1790,3,1790,1,1795,1,1795,1,1803,0,1803,2,1803,1,1803,1,,,,,,,,,,,,,,,,,,,,,,,,,,,,,,,,,,,,,,,,,,,,
1786,15,1786,4,1786,14,1786,2,1786,1,1790,1,1790,7,1790,2,1790,1,1790,4,1795,1,1795,3,1795,1,1799,1,1799,1,,,,,,,,,,,,,,,,,,,,,,,,,,,,,,,,,,,,,,,,,,,,,,,,,,,,
1790,15,1790,4,1790,14,1790,2,1790,1,1795,1,1795,7,1795,2,1795,1,1795,4,1799,1,1799,2,1799,1,1803,1,1803,1,,,,,,,,,,,,,,,,,,,,,,,,,,,,,,,,,,,,,,,,,,,,,,,,,,,,
1795,15,1795,4,1795,14,1795,2,1795,1,1799,1,1799,7,1799,2,1799,1,1799,4,1803,1,1803,2,1803,1,,,,,,,,,,,,,,,,,,,,,,,,,,,,,,,,,,,,,,,,,,,,,,,,,,,,,,,,
1799,15,1799,4,1799,14,1799,2,1799,1,1803,1,1803,7,1803,2,1803,1,1803,4,,,,,,,,,,,,,,,,,,,,,,,,,,,,,,,,,,,,,,,,,,,,,,,,,,,,,,,,,,,,,,
1803,15,1803,4,1803,12,1803,2,1803,1,,,,,,,,,,,,,,,,,,,,,,,,,,,,,,,,,,,,,,,,,,,,,,,,,,,,,,,,,,,,,,,,,,,,,,,,
