Timeout,RSSI,Trial Number,Manual Count,Total_Devs
30,90,27,0,0
30,90,27,0,1
30,90,27,0,13
30,90,27,0,16
30,90,27,13,22
30,90,27,13,24
30,90,27,13,25
30,90,27,13,26
30,90,27,13,26
30,90,27,13,26
30,90,27,13,27
30,90,27,13,25
30,90,27,13,25
30,90,27,13,25
30,90,27,13,28
30,90,27,13,30
30,90,27,13,28
30,90,27,13,27
30,90,27,15,27
30,90,27,15,28
30,90,27,15,29
30,90,27,15,30
30,90,27,15,29
30,90,27,15,30
30,90,27,15,26
30,90,27,15,32
30,90,27,15,35
30,90,27,15,34
30,90,27,15,32
30,90,27,15,32
30,90,27,15,31
30,90,27,15,29
30,90,27,15,27
30,90,27,15,29
30,90,27,15,29
30,90,27,15,26
30,90,27,15,26
30,90,27,15,26
30,90,27,15,30
30,90,27,15,29
30,90,27,15,29
30,90,27,15,33
30,90,27,15,35
30,90,27,15,35
30,90,27,15,38
30,90,27,15,40
30,90,27,15,41
30,90,27,15,41
30,90,27,15,40
30,90,27,15,38
30,90,27,15,31
30,90,27,15,32
30,90,27,15,35
30,90,27,15,35
30,90,27,15,29
30,90,27,15,28
30,90,27,17,30
30,90,27,17,34
30,90,27,17,38
30,90,27,17,38
30,90,27,17,35
30,90,27,17,34
30,90,27,17,34
30,90,27,17,36
30,90,27,17,33
30,90,27,17,36
30,90,27,17,37
30,90,27,17,35
30,90,27,17,35
30,90,27,17,40
30,90,27,15,38
30,90,27,15,35
30,90,27,15,34
30,90,27,15,37
30,90,27,15,40
30,90,27,15,39
30,90,27,15,39
30,90,27,15,38
30,90,27,15,36
30,90,27,15,39
30,90,27,15,36
30,90,27,15,36
30,90,27,15,33
30,90,27,16,37
30,90,27,16,42
30,90,27,16,43
30,90,27,16,46
30,90,27,15,41
30,90,27,15,41
30,90,27,15,41
30,90,27,15,38
30,90,27,15,40
30,90,27,15,35
30,90,27,15,35
30,90,27,15,40
30,90,27,15,43
30,90,27,15,47
30,90,27,15,48
30,80,28,0,0
30,80,28,13,2
30,80,28,13,14
30,80,28,13,19
30,80,28,13,21
30,80,28,13,26
30,80,28,13,27
30,80,28,13,29
30,80,28,14,28
30,80,28,14,27
30,80,28,14,26
30,80,28,14,23
30,80,28,14,24
30,80,28,14,29
30,80,28,14,27
30,80,28,14,28
30,80,28,14,32
30,80,28,14,36
30,80,28,14,36
30,80,28,14,33
30,80,28,14,31
30,80,28,14,32
30,80,28,14,30
30,80,28,14,30
30,80,28,14,24
30,80,28,14,23
30,80,28,14,25
30,80,28,16,20
30,80,28,16,25
30,80,28,16,25
30,80,28,16,25
30,80,28,16,22
30,80,28,16,25
30,80,28,16,25
30,80,28,16,23
30,80,28,16,23
30,80,28,16,22
30,80,28,14,24
30,80,28,14,25
30,80,28,14,25
30,80,28,14,26
30,80,28,14,28
30,80,28,14,29
30,80,28,14,26
30,80,28,14,25
30,80,28,14,30
30,80,28,14,27
30,80,28,14,26
30,80,28,14,28
30,80,28,14,28
30,80,28,14,30
30,80,28,14,30
30,80,28,14,32
30,80,28,14,32
30,80,28,14,28
30,80,28,14,31
30,80,28,14,26
30,80,28,14,25
30,80,28,14,25
30,80,28,14,24
30,80,28,14,23
30,80,28,14,23
30,80,28,14,21
30,80,28,14,23
30,80,28,12,23
30,80,28,12,26
30,80,28,12,31
30,80,28,12,32
30,80,28,12,32
30,80,28,12,30
30,80,28,12,28
30,80,28,12,24
30,80,28,12,25
30,80,28,12,25
30,80,28,12,21
30,80,28,12,26
30,80,28,12,29
30,80,28,12,32
30,80,28,12,30
30,80,28,12,31
30,80,28,12,30
30,80,28,12,30
30,80,28,12,26
30,80,28,12,24
30,80,28,12,23
30,80,28,12,24
30,80,28,12,25
30,80,28,12,24
30,80,28,12,23
30,80,28,12,30
30,80,28,12,30
30,80,28,12,32
30,80,28,12,29
30,80,28,12,32
30,80,28,12,33
30,80,28,12,32
30,80,28,13,26
30,80,28,13,28
30,80,28,13,27
30,80,28,12,28
30,80,28,12,31
30,80,28,12,31
30,80,28,12,31
30,80,28,12,32
30,80,28,12,30
30,80,28,12,29
30,80,28,12,31
30,70,29,0,1
30,70,29,13,1
30,70,29,13,7
30,70,29,13,8
30,70,29,13,8
30,70,29,13,13
30,70,29,13,17
30,70,29,13,19
30,70,29,13,19
30,70,29,13,18
30,70,29,13,17
30,70,29,13,18
30,70,29,13,16
30,70,29,13,10
30,70,29,13,11
30,70,29,13,12
30,70,29,13,12
30,70,29,13,9
30,70,29,14,8
30,70,29,14,10
30,70,29,14,16
30,70,29,14,17
30,70,29,14,17
30,70,29,14,18
30,70,29,14,18
30,70,29,14,18
30,70,29,14,17
30,70,29,14,16
30,70,29,14,18
30,70,29,14,18
30,70,29,14,16
30,70,29,14,16
30,70,29,14,14
30,70,29,14,15
30,70,29,14,17
30,70,29,14,14
30,70,29,14,14
30,70,29,14,15
30,70,29,14,16
30,70,29,14,14
30,70,29,14,13
30,70,29,14,12
30,70,29,14,13
30,70,29,14,13
30,70,29,14,12
30,70,29,14,11
30,70,29,14,14
30,70,29,14,15
30,70,29,14,19
30,70,29,14,16
30,70,29,14,16
30,70,29,14,18
30,70,29,15,17
30,70,29,14,16
30,70,29,14,16
30,70,29,14,16
30,70,29,14,16
30,70,29,14,14
30,70,29,14,13
30,70,29,14,13
30,70,29,14,13
30,70,29,14,16
30,70,29,14,16
30,70,29,14,13
30,70,29,16,15
30,70,29,16,19
30,70,29,19,19
30,70,29,19,23
30,70,29,19,20
30,70,29,19,22
30,70,29,19,24
30,70,29,19,23
30,70,29,19,24
30,70,29,19,22
30,70,29,19,25
30,70,29,19,25
30,70,29,19,23
30,70,29,19,23
30,70,29,19,22
30,70,29,19,21
30,70,29,19,20
30,70,29,19,21
30,70,29,12,20
30,70,29,12,19
30,70,29,12,19
30,70,29,12,18
30,70,29,12,18
30,70,29,12,13
30,70,29,12,13
30,70,29,12,13
30,70,29,12,13
30,70,29,12,12
30,70,29,16,12
30,60,30,0,0
30,60,30,14,1
30,60,30,14,3
30,60,30,14,2
30,60,30,14,1
30,60,30,14,4
30,60,30,14,4
30,60,30,14,6
30,60,30,14,8
30,60,30,14,7
30,60,30,14,6
30,60,30,14,6
30,60,30,14,7
30,60,30,14,7
30,60,30,14,7
30,60,30,14,5
30,60,30,14,4
30,60,30,14,3
30,60,30,14,3
30,60,30,14,2
30,60,30,14,4
30,60,30,14,2
30,60,30,14,3
30,60,30,14,4
30,60,30,14,4
30,60,30,14,3
30,60,30,14,4
30,60,30,14,4
30,60,30,14,4
30,60,30,14,4
30,60,30,14,3
30,60,30,14,4
30,60,30,14,4
30,60,30,14,4
30,60,30,14,3
30,60,30,16,2
30,60,30,16,2
30,60,30,16,3
30,60,30,16,4
30,60,30,16,2
30,60,30,16,3
30,60,30,16,3
30,60,30,16,3
30,60,30,16,2
30,60,30,16,2
30,60,30,16,2
30,60,30,16,3
30,60,30,16,2
30,60,30,16,1
30,60,30,16,1
30,60,30,16,1
30,60,30,16,1
30,60,30,16,1
30,60,30,16,1
30,60,30,16,2
30,60,30,16,3
30,60,30,17,3
30,60,30,17,2
30,60,30,17,2
30,60,30,17,2
30,60,30,17,2
30,60,30,17,3
30,60,30,21,3
30,60,30,21,2
30,60,30,21,2
30,60,30,21,3
30,60,30,21,2
30,60,30,21,3
30,60,30,21,3
30,60,30,21,3
30,60,30,21,4
30,60,30,21,6
30,60,30,21,7
30,60,30,21,7
30,40,32,0,0
30,40,32,20,0
30,40,32,20,0
30,40,32,20,1
30,40,32,20,1
30,40,32,20,1
30,40,32,20,1
30,40,32,20,1
30,40,32,20,1
30,40,32,20,0
30,40,32,20,0
30,40,32,20,1
30,40,32,20,2
30,40,32,20,2
30,40,32,20,2
30,40,32,20,2
30,40,32,20,2
30,40,32,20,2
30,40,32,20,1
30,40,32,20,0
30,40,32,20,0
30,40,32,20,0
30,40,32,20,0
30,40,32,20,0
30,40,32,20,0
30,40,32,20,0
30,40,32,21,0
30,40,32,22,0
30,40,32,21,0
30,40,32,21,0
30,40,32,21,0
30,40,32,21,0
30,40,32,21,0
30,40,32,20,0
30,40,32,20,0
30,40,32,20,0
30,40,32,20,0
30,40,32,20,0
30,40,32,20,0
30,40,32,20,0
30,40,32,20,0
30,50,31,0,0
30,50,31,23,1
30,50,31,23,1
30,50,31,23,2
30,50,31,23,2
30,50,31,23,2
30,50,31,23,2
30,50,31,23,2
30,50,31,23,3
30,50,31,23,3
30,50,31,25,3
30,50,31,25,2
30,50,31,25,2
30,50,31,24,1
30,50,31,24,1
30,50,31,24,1
30,50,31,24,2
30,50,31,24,2
30,50,31,24,2
30,50,31,24,2
30,50,31,24,2
30,50,31,24,2
30,50,31,24,2
30,50,31,24,1
30,50,31,24,1
30,50,31,24,1
30,50,31,24,1
30,50,31,24,0
30,50,31,24,0
30,50,31,22,0
30,50,31,22,1
30,50,31,22,1
30,50,31,22,1
30,50,31,22,1
30,50,31,22,1
30,50,31,22,1
30,50,31,22,1
30,50,31,22,1
30,50,31,22,1
30,50,31,24,1
30,50,31,24,1
30,50,31,24,1
30,50,31,24,1
30,50,31,24,1
30,50,31,24,1
30,50,31,24,1
30,50,31,24,1
30,50,31,24,1
30,50,31,24,1
30,50,31,24,1
30,50,31,24,1
30,50,31,24,1
30,50,31,24,1
30,50,31,24,1
30,50,31,24,1
30,50,31,24,1
30,50,31,24,1
60,60,33,0,0
60,60,33,20,0
60,60,33,20,0
60,60,33,20,0
60,60,33,20,1
60,60,33,20,0
60,60,33,20,2
60,60,33,20,1
60,60,33,20,2
60,60,33,20,2
60,60,33,20,2
60,60,33,20,3
60,60,33,20,5
60,60,33,20,5
60,60,33,20,4
60,60,33,20,4
60,60,33,20,5
60,60,33,20,4
60,60,33,20,4
60,60,33,20,7
60,60,33,20,5
60,60,33,20,6
60,60,33,20,10
60,60,33,20,9
60,60,33,20,8
60,60,33,20,8
60,60,33,20,10
60,60,33,21,11
60,60,33,22,8
60,60,33,21,8
60,60,33,21,8
60,60,33,21,7
60,60,33,21,9
60,60,33,21,8
60,60,33,20,11
60,60,33,20,9
60,60,33,20,7
60,60,33,20,7
60,60,33,20,7
60,60,33,20,6
60,60,33,20,7
60,60,33,0,7
60,60,33,0,7
60,60,33,0,8
60,60,33,0,10
60,60,33,0,10
60,60,33,0,9
60,60,33,0,7
60,60,33,0,9
60,60,33,0,8
60,60,33,0,10
60,60,33,0,10
60,60,33,0,12
60,60,33,0,9
60,60,33,0,13
60,60,33,0,12
60,60,33,0,11
60,60,33,0,11
60,60,33,0,11
60,75,34,0,0
60,75,34,18,1
60,75,34,18,9
60,75,34,18,9
60,75,34,18,12
60,75,34,18,18
60,75,34,18,20
60,75,34,18,21
60,75,34,18,23
60,75,34,18,24
60,75,34,18,25
60,75,34,18,25
60,75,34,18,29
60,75,34,18,28
60,75,34,18,29
60,75,34,18,32
60,75,34,18,31
60,75,34,18,32
60,75,34,18,31
60,75,34,18,31
60,75,34,18,31
60,75,34,20,30
60,75,34,20,31
60,75,34,20,33
60,75,34,20,35
60,75,34,19,35
60,75,34,19,35
60,75,34,19,36
60,75,34,19,41
60,75,34,20,42
60,75,34,20,41
60,75,34,20,40
60,75,34,20,43
60,75,34,20,42
60,75,34,22,42
60,75,34,22,39
60,75,34,22,40
60,75,34,22,39
60,75,34,22,41
60,75,34,22,41
60,75,34,22,43
60,75,34,22,45
60,75,34,22,47
60,75,34,22,45
60,75,34,22,42
60,75,34,22,41
60,75,34,22,46
60,75,34,22,42
60,75,34,22,44
60,75,34,22,43
60,75,34,22,43
60,75,34,22,41
60,75,34,22,37
60,75,34,22,37
60,75,34,20,36
60,75,34,20,36
60,75,34,20,37
60,75,34,20,38
60,75,34,20,38
60,75,34,20,37
60,75,34,20,39
60,75,34,20,37
60,75,34,20,36
60,75,34,20,39
60,75,34,20,41
60,75,34,20,40
60,75,34,20,40
60,75,34,20,39
60,75,34,20,40
60,75,34,20,41
60,75,34,20,40
60,75,34,20,40
60,75,34,20,39
60,75,34,20,40
120,70,35,0,0
120,70,35,22,2
120,70,35,22,8
120,70,35,22,10
120,70,35,22,14
120,70,35,22,15
120,70,35,22,17
120,70,35,22,17
120,70,35,22,17
120,70,35,22,17
120,70,35,22,15
120,70,35,22,15
120,70,35,22,16
120,70,35,22,18
120,70,35,22,20
120,70,35,22,21
120,70,35,22,23
120,70,35,22,20
120,70,35,22,20
120,70,35,22,23
120,70,35,22,23
120,70,35,22,22
120,70,35,22,23
120,70,35,22,22
120,70,35,22,22
120,70,35,22,22
120,70,35,22,23
120,70,35,22,22
120,70,35,22,20
120,70,35,22,18
120,70,35,22,19
120,70,35,22,19
120,70,35,22,20
120,70,35,22,20
120,70,35,22,21
120,70,35,22,22
120,70,35,22,24
120,70,35,22,24
120,70,35,22,24
120,70,35,22,24
120,70,35,22,24
120,70,35,22,26
120,70,35,23,29
120,70,35,23,28
120,70,35,23,28
120,70,35,23,27
120,70,35,23,27
120,70,35,23,27
120,70,35,23,28
120,70,35,23,29
120,70,35,23,31
120,70,35,23,32
120,70,35,23,32
120,70,35,23,32
120,70,35,23,35
120,70,35,23,35
120,70,35,23,34
120,70,35,23,35
120,70,35,23,36
120,70,35,23,36
120,70,35,23,35
120,70,35,23,34
120,70,35,23,33
120,70,35,23,32
90,70,36,0,1
90,70,36,19,1
90,70,36,19,0
90,70,36,19,0
90,70,36,19,0
90,70,36,19,0
90,70,36,19,0
90,70,36,19,0
90,70,36,19,0
90,70,36,19,0
90,70,36,19,0
90,70,36,21,0
90,70,36,21,0
90,70,36,21,0
90,70,36,21,0
90,70,36,21,0
90,70,36,21,0
90,70,36,21,0
90,70,36,21,0
90,70,36,21,0
90,70,36,21,0
90,70,36,21,0
90,70,36,21,0
90,70,36,21,0
90,70,36,21,0
90,70,36,21,0
90,70,36,21,0
90,70,36,21,0
90,70,36,23,0
90,70,36,23,0
90,70,36,23,0
90,70,36,23,0
90,70,36,23,0
90,70,36,23,0
90,70,36,23,0
90,70,36,23,0
90,70,36,23,0
90,70,36,23,0
90,70,36,23,0
90,70,36,23,0
90,70,36,23,0
90,70,36,23,0
90,70,36,23,0
90,70,36,21,0
90,70,36,21,0
90,70,36,21,0
90,70,36,21,0
90,70,36,21,0
90,70,36,21,0
90,70,36,21,0
90,70,36,21,0
90,70,36,21,0
90,70,36,21,0
90,70,36,21,0
90,70,36,21,0
90,70,36,21,0
90,70,36,21,0
90,70,36,21,0
90,70,36,21,0
90,70,36,21,0
90,70,36,21,0
90,70,36,21,0
90,70,36,21,0
90,70,36,21,0
90,70,36,21,0
90,70,36,20,0
90,80,37,0,0
90,80,37,21,6
90,80,37,21,10
90,80,37,21,10
90,80,37,21,11
90,80,37,21,11
90,80,37,21,12
90,80,37,21,13
90,80,37,21,15
90,80,37,21,15
90,80,37,21,17
90,80,37,21,15
90,80,37,21,15
90,80,37,21,15
90,80,37,21,18
90,80,37,21,20
90,80,37,21,21
90,80,37,21,20
90,80,37,21,21
90,80,37,21,26
90,80,37,21,25
90,80,37,21,24
90,80,37,21,24
90,80,37,21,25
90,80,37,21,28
90,80,37,21,30
90,80,37,21,31
90,80,37,21,31
90,80,37,21,30
90,80,37,21,28
90,80,37,21,28
90,80,37,21,26
90,80,37,21,26
90,80,37,21,26
90,80,37,21,25
90,80,37,21,26
90,80,37,21,29
90,80,37,21,32
90,80,37,21,34
90,80,37,21,37
90,80,37,21,37
90,80,37,21,34
90,80,37,21,39
90,80,37,21,40
90,80,37,23,40
90,80,37,23,38
90,80,37,23,38
90,80,37,23,40
90,80,37,23,45
90,80,37,23,47
90,80,37,23,48
90,80,37,23,49
90,80,37,23,48
90,80,37,23,50
90,80,37,23,50
90,80,37,23,55
90,80,37,23,55
90,80,37,23,56
90,80,37,23,57
90,80,37,23,58
90,80,37,23,56
90,80,37,23,58
90,80,37,23,61
90,80,37,23,61
90,80,37,23,60
90,80,37,23,62
90,80,37,23,60
90,80,37,23,60
90,80,37,23,58
90,80,37,23,60
90,80,37,23,56
90,80,37,23,54
90,80,37,23,56
90,80,37,23,56
90,80,37,23,56
90,80,37,23,58
90,80,37,23,58
45,90,38,0,0
45,90,38,22,2
45,90,38,22,15
45,90,38,22,20
45,90,38,22,23
45,90,38,22,25
45,90,38,22,27
45,90,38,22,31
45,90,38,22,31
45,90,38,22,32
45,90,38,22,35
45,90,38,22,37
45,90,38,22,37
45,90,38,22,37
45,90,38,22,35
45,90,38,22,36
45,90,38,22,37
45,90,38,22,38
45,90,38,22,36
45,90,38,22,38
45,90,38,22,39
45,90,38,22,39
45,90,38,22,40
45,90,38,22,43
45,90,38,25,41
45,90,38,25,41
45,90,38,25,43
45,90,38,25,45
45,90,38,25,47
45,90,38,25,46
45,90,38,25,43
45,90,38,25,41
45,90,38,25,43
45,90,38,25,42
45,90,38,25,40
45,90,38,25,41
45,90,38,25,44
45,90,38,25,44
45,90,38,25,40
45,90,38,25,41
45,90,38,23,41
45,90,38,24,42
45,90,38,24,43
45,90,38,24,40
45,90,38,24,39
45,90,38,24,37
45,90,38,24,36
45,90,38,24,39
45,90,38,24,40
45,90,38,24,40
45,90,38,24,42
45,90,38,24,40
45,90,38,24,39
45,90,38,24,38
45,90,38,24,39
45,90,38,24,41
45,90,38,24,45
45,90,38,24,46
45,90,38,24,46
45,90,38,24,47
45,90,38,24,44
45,90,38,24,44
45,90,38,24,47
45,90,38,24,48
45,90,38,24,47
45,90,38,24,45
45,90,38,21,46
45,90,38,21,52
45,90,38,21,51
45,90,38,21,50
45,90,38,21,52
45,90,38,21,47
45,90,38,21,50
45,90,38,21,50
45,90,38,21,51
45,90,38,21,50
45,90,38,21,50
45,90,38,21,50
45,90,38,21,46
45,90,38,21,47
45,90,38,21,49
45,90,38,21,50
45,90,38,21,50
45,90,38,21,50
45,90,38,21,52
45,90,38,21,47
45,90,38,21,48
45,90,38,21,48
45,90,38,21,42
45,90,38,21,40
45,90,38,21,41
45,90,38,21,41
45,90,38,21,42
45,90,38,21,43
45,90,38,21,44
45,90,38,19,45
45,90,38,19,45
45,90,38,19,44
45,70,39,0,0
45,70,39,17,0
45,70,39,17,6
45,70,39,17,6
45,70,39,17,8
45,70,39,17,10
45,70,39,17,10
45,70,39,17,12
45,70,39,17,9
45,70,39,17,10
45,70,39,17,9
45,70,39,17,12
45,70,39,17,13
45,70,39,17,13
45,70,39,17,13
45,70,39,17,13
45,70,39,17,14
45,70,39,17,12
45,70,39,17,14
45,70,39,17,16
45,70,39,17,16
45,70,39,17,15
45,70,39,17,12
45,70,39,17,11
45,70,39,17,12
45,70,39,17,10
45,70,39,17,10
45,70,39,17,13
45,70,39,17,13
45,70,39,17,14
45,70,39,17,14
45,70,39,17,15
45,70,39,17,20
45,70,39,17,21
45,70,39,17,23
45,70,39,17,22
45,70,39,17,21
45,70,39,17,21
45,70,39,17,23
45,70,39,17,25
45,70,39,17,26
45,70,39,17,25
45,70,39,17,24
45,70,39,17,19
45,70,39,17,18
45,70,39,17,19
45,70,39,17,23
45,70,39,17,24
45,70,39,17,24
45,70,39,17,22
45,70,39,17,23
45,70,39,17,24
45,70,39,17,23
45,70,39,17,25
45,70,39,17,26
45,70,39,17,19
45,70,39,15,19
45,70,39,15,17
45,70,39,15,12
45,70,39,15,16
45,70,39,15,15
45,70,39,11,13
45,70,39,11,17
45,70,39,11,19
45,70,39,11,21
20,70,41,0,0
20,70,41,17,3
20,70,41,17,4
20,70,41,17,9
20,70,41,12,10
20,70,41,12,14
20,70,41,12,14
20,70,41,12,9
20,70,41,12,10
20,70,41,12,9
20,70,41,12,10
20,70,41,12,13
20,70,41,12,13
20,70,41,12,12
20,70,41,12,10
20,70,41,12,10
20,70,41,12,9
20,70,41,12,10
20,70,41,12,10
20,70,41,12,13
20,70,41,12,13
20,70,41,12,12
20,70,41,12,13
20,70,41,12,13
20,70,41,12,13
20,70,41,12,14
20,70,41,12,13
20,70,41,12,15
20,70,41,12,17
20,70,41,12,17
20,70,41,12,18
20,70,41,12,18
20,70,41,12,16
20,70,41,12,13
20,70,41,12,12
20,70,41,12,11
20,70,41,12,9
20,70,41,12,7
20,70,41,12,9
20,70,41,12,10
20,70,41,12,11
20,70,41,12,12
20,70,41,12,12
20,70,41,12,12
20,70,41,12,15
20,70,41,12,17
20,70,41,12,17
20,70,41,12,12
20,70,41,12,13
20,70,41,12,9
20,70,41,12,10
20,70,41,12,10
20,70,41,12,12
20,70,41,12,17
20,70,41,12,20
20,70,41,12,19
20,70,41,12,19
20,70,41,12,19
20,70,41,12,10
20,70,41,12,8
20,70,41,12,10
20,70,41,12,13
20,70,41,12,15
20,70,41,12,17
20,70,41,12,17
20,70,41,12,16
20,70,41,12,13
20,70,41,12,10
20,70,41,12,9
20,70,41,12,11
20,60,42,0,0
20,60,42,12,0
20,60,42,12,0
20,60,42,12,1
20,60,42,12,0
20,60,42,12,1
20,60,42,12,1
20,60,42,12,1
20,60,42,12,1
20,60,42,12,1
20,60,42,12,1
20,60,42,12,1
20,60,42,12,1
20,60,42,12,1
20,60,42,12,1
20,60,42,12,1
20,60,42,12,1
20,60,42,12,1
20,60,42,12,1
20,60,42,12,1
20,60,42,12,1
20,60,42,12,1
20,60,42,12,2
20,60,42,12,2
20,60,42,12,3
20,60,42,12,3
20,60,42,12,2
20,60,42,12,3
20,60,42,12,2
20,60,42,12,2
20,60,42,12,1
20,60,42,12,4
20,60,42,12,3
20,60,42,12,3
20,60,42,12,3
20,60,42,12,3
20,60,42,12,1
20,60,42,12,1
20,60,42,12,1
20,60,42,12,1
20,60,42,12,1
20,60,42,12,2
20,60,42,12,1
20,60,42,12,1
20,60,42,12,1
20,60,42,12,3
20,60,42,12,4
20,60,42,12,3
20,60,42,12,4
20,60,42,12,6
20,60,42,12,4
20,60,42,12,5
20,60,42,12,6
20,60,42,12,4
20,60,42,12,4
20,60,42,12,4
20,60,42,12,3
20,60,42,12,1
20,60,42,12,1
90,65,44,0,0
90,65,44,12,1
90,65,44,12,4
90,65,44,12,5
90,65,44,12,6
90,65,44,12,7
90,65,44,12,8
90,65,44,12,10
90,65,44,12,10
90,65,44,12,9
90,65,44,12,10
90,65,44,12,11
90,65,44,12,14
90,65,44,12,14
90,65,44,12,15
90,65,44,12,15
90,65,44,12,15
90,65,44,12,14
90,65,44,12,14
90,65,44,12,14
90,65,44,12,15
90,65,44,12,16
90,65,44,12,16
90,65,44,12,16
90,65,44,12,16
90,65,44,12,17
90,65,44,12,16
90,65,44,12,18
90,65,44,12,17
90,65,44,12,19
90,65,44,12,20
90,65,44,12,22
90,65,44,12,23
90,65,44,12,23
90,65,44,12,23
90,65,44,12,25
90,65,44,12,26
90,65,44,12,26
90,65,44,12,27
90,65,44,12,27
90,65,44,12,27
90,65,44,12,27
90,65,44,12,30
90,65,44,12,30
90,65,44,12,30
90,65,44,12,29
90,65,44,12,27
90,65,44,12,24
90,65,44,12,26
90,65,44,12,23
90,65,44,12,22
90,65,44,12,24
90,65,44,12,24
90,65,44,12,24
90,65,44,12,24
90,65,44,12,24
90,65,44,12,21
90,65,44,12,21
90,65,44,12,21
90,65,44,12,21
90,65,44,12,21
90,65,44,12,20
30,85,45,0,0
30,85,45,12,0
30,85,45,12,10
30,85,45,12,14
30,85,45,12,19
30,85,45,12,22
30,85,45,12,26
30,85,45,12,26
30,85,45,12,27
30,85,45,12,26
30,85,45,12,24
30,85,45,10,23
30,85,45,10,25
30,85,45,10,28
30,85,45,9,29
30,85,45,9,30
30,85,45,9,30
30,85,45,9,32
30,85,45,9,33
30,85,45,9,30
30,85,45,9,29
30,85,45,9,28
30,85,45,9,31
30,85,45,9,32
30,85,45,9,30
30,85,45,9,34
30,85,45,9,32
30,85,45,9,34
30,85,45,9,35
30,85,45,9,33
30,85,45,9,33
30,85,45,9,36
30,85,45,9,33
30,85,45,9,34
30,85,45,9,36
30,85,45,9,39
30,85,45,9,41
30,85,45,9,40
30,85,45,9,40
30,85,45,9,40
30,85,45,9,45
30,85,45,9,44
30,85,45,9,44
30,85,45,9,34
30,85,45,9,34
30,85,45,9,35
30,85,45,9,31
30,85,45,9,25
30,85,45,9,27
30,85,45,9,27
30,85,45,9,30
30,85,45,9,27
30,85,45,9,29
30,85,45,9,30
30,85,45,9,31
30,85,45,9,27
30,85,45,9,30
30,85,45,9,31
30,85,45,9,31
30,85,45,9,32
30,85,45,11,32
30,85,45,11,27
30,85,45,11,27
30,85,45,11,28
30,85,45,11,30
30,85,45,11,30
30,85,45,11,30
30,85,45,11,28
30,85,45,11,29
30,85,45,11,27
30,85,45,11,28
30,85,45,11,26
30,85,45,11,24
30,85,45,11,28
30,85,45,11,29
30,85,45,11,31
30,85,45,11,32
30,85,45,11,33
30,85,45,11,34
30,85,45,11,33
30,85,45,11,34
10,75,46,0,0
10,75,46,11,3
10,75,46,11,12
10,75,46,11,14
10,75,46,11,12
10,75,46,11,16
10,75,46,11,13
10,75,46,11,14
10,75,46,11,18
10,75,46,11,17
10,75,46,11,14
10,75,46,9,14
10,75,46,9,15
10,75,46,9,14
10,75,46,9,11
10,75,46,11,14
10,75,46,11,13
10,75,46,11,14
10,75,46,11,13
10,75,46,11,9
10,75,46,11,13
10,75,46,11,15
10,75,46,11,15
10,75,46,11,9
10,75,46,11,10
10,75,46,11,14
10,75,46,11,13
10,75,46,11,13
10,75,46,11,14
10,75,46,11,15
10,75,46,11,13
10,75,46,11,14
10,75,46,11,17
10,75,46,11,19
10,75,46,11,24
10,75,46,11,22
10,75,46,11,16
10,75,46,11,15
10,75,46,11,13
10,75,46,11,16
10,75,46,7,12
10,75,46,7,18
10,75,46,7,20
10,75,46,7,20
10,75,46,7,18
10,75,46,7,14
10,75,46,7,15
10,75,46,7,15
10,75,46,7,16
10,75,46,7,17
10,75,46,7,17
10,75,46,7,14
10,75,46,7,10
10,75,46,7,11
10,75,46,7,15
10,75,46,7,16
10,75,46,7,19
10,75,46,7,18
10,75,46,7,17
10,75,46,7,14
10,75,46,7,14
10,75,46,7,16
10,75,46,7,14
10,75,46,7,16
10,75,46,7,15
10,75,46,7,15
10,75,46,7,11
10,75,46,7,15
10,75,46,7,15
10,75,46,7,16
10,75,46,7,13
10,75,46,7,13
10,75,46,7,10
10,75,46,7,18
10,75,46,7,16
10,75,46,7,17
10,75,46,7,17
10,75,46,7,18
10,75,46,7,17
10,75,46,7,14
10,75,46,7,11
10,75,46,7,8
10,65,47,0,0
10,65,47,7,6
10,65,47,7,6
10,65,47,7,5
10,65,47,7,5
10,65,47,7,5
10,65,47,7,6
10,65,47,7,5
10,65,47,7,5
10,65,47,7,4
10,65,47,7,6
10,65,47,7,6
10,65,47,7,7
10,65,47,7,6
10,65,47,7,6
10,65,47,7,7
10,65,47,7,7
10,65,47,7,7
10,65,47,7,7
10,65,47,7,8
10,65,47,7,8
10,65,47,7,6
10,65,47,7,4
10,65,47,7,3
10,65,47,7,5
10,65,47,7,7
10,65,47,7,8
10,65,47,7,8
10,65,47,7,7
10,65,47,7,7
10,65,47,7,7
10,65,47,7,10
10,65,47,7,10
10,65,47,7,8
10,65,47,7,7
10,65,47,7,9
10,65,47,7,9
10,65,47,7,8
10,65,47,7,7
10,65,47,7,6
10,65,47,7,8
10,65,47,7,5
10,65,47,7,13
10,65,47,7,13
10,65,47,7,15
10,65,47,7,11
10,65,47,7,10
10,65,47,7,9
10,65,47,7,7
10,65,47,7,8
10,65,47,7,5
10,65,47,7,4
10,65,47,7,4
10,65,47,7,7
10,65,47,7,8
10,65,47,7,7
10,65,47,7,9
10,65,47,7,7
10,65,47,7,8
10,65,47,7,10
10,65,47,7,10
10,65,47,7,10
10,65,47,7,8
10,65,47,7,6
10,65,47,7,4
10,65,47,7,4
10,65,47,7,6
10,65,47,7,8
10,65,47,7,8
10,65,47,7,5
10,65,47,7,8
10,65,47,7,7
10,65,47,7,4
10,65,47,7,4
10,65,47,7,5
30,45,48,0,0
30,45,48,7,0
30,45,48,7,0
30,45,48,7,0
30,45,48,7,1
30,45,48,7,1
30,45,48,7,2
30,45,48,7,2
30,45,48,7,2
30,45,48,7,2
30,45,48,7,2
30,45,48,7,1
30,45,48,7,1
30,45,48,7,1
30,45,48,7,1
30,45,48,7,1
30,45,48,7,1
30,45,48,7,1
30,45,48,7,1
30,45,48,7,1
30,45,48,7,1
30,45,48,7,1
30,45,48,7,1
30,45,48,7,1
30,45,48,7,1
30,45,48,7,1
30,45,48,7,1
30,45,48,7,1
30,45,48,7,1
30,45,48,7,1
30,45,48,7,1
30,45,48,7,1
30,45,48,7,1
30,45,48,7,1
30,45,48,7,1
30,45,48,7,1
30,45,48,7,1
30,45,48,7,1
30,45,48,7,1
30,45,48,7,1
30,45,48,7,1
30,45,48,7,1
30,45,48,7,1
30,45,48,7,1
30,45,48,7,1
30,45,48,7,1
30,45,48,7,1
30,45,48,7,1
30,45,48,7,1
30,45,48,7,1
30,45,48,7,1
30,45,48,7,1
30,45,48,7,1
30,45,48,7,1
60,55,50,0,0
60,55,50,7,0
60,55,50,7,0
60,55,50,7,1
60,55,50,7,1
60,55,50,7,1
60,55,50,7,2
60,55,50,7,1
60,55,50,7,1
60,55,50,7,1
60,55,50,7,1
60,55,50,7,1
60,55,50,7,1
60,55,50,7,2
60,55,50,7,2
60,55,50,7,2
60,55,50,7,2
60,55,50,7,2
60,55,50,7,2
60,55,50,7,2
60,55,50,8,2
60,55,50,8,2
60,55,50,8,2
60,55,50,8,2
60,55,50,8,2
60,55,50,8,2
60,55,50,8,2
60,55,50,8,2
60,55,50,8,2
60,55,50,8,2
60,55,50,8,3
60,55,50,8,3
60,55,50,8,3
60,55,50,8,3
60,55,50,8,3
60,55,50,8,3
60,55,50,8,4
60,55,50,8,3
60,55,50,8,3
60,55,50,8,3
60,55,50,8,3
60,55,50,8,3
60,55,50,8,3
60,55,50,8,2
60,55,50,8,2
60,55,50,8,2
60,55,50,8,2
60,55,50,8,2
60,55,50,8,2
60,55,50,8,2
60,55,50,8,2
60,55,50,8,2
60,55,50,8,2
60,55,50,8,2
60,55,50,8,1
60,55,50,8,1
60,55,50,8,1
60,55,50,8,1
60,55,50,8,1
60,55,50,8,2
60,55,50,8,2
60,55,50,8,3
60,55,50,8,3
60,55,50,8,3
60,55,50,8,3
60,55,50,8,3
60,55,50,8,3
60,55,50,8,3
60,55,50,8,3
60,55,50,8,3
60,55,50,8,3
60,55,50,7,3
60,55,50,7,4
60,55,50,7,3
60,55,50,7,3
60,55,50,7,3
60,55,50,7,2
60,55,50,7,2
60,55,50,7,2
60,55,50,7,2
60,55,50,7,2
60,55,50,7,2
60,55,50,7,2
60,55,50,7,2
60,55,50,7,2
60,55,50,7,2
60,55,50,7,2
60,55,50,7,1
60,55,50,7,1
60,55,50,7,1
60,55,50,7,1
60,55,50,7,1
60,55,50,7,1
60,55,50,7,3
60,55,50,7,2
60,55,50,7,2
60,55,50,7,2
60,55,50,7,2
60,55,50,7,2
60,55,50,7,2
60,55,50,7,4
60,55,50,7,4
60,55,50,7,4
60,55,50,7,5
60,55,50,7,4
60,55,50,7,4
60,55,50,7,3
60,55,50,7,3
60,55,50,7,2
60,55,50,7,2
60,55,50,7,2
60,55,50,7,3
60,55,50,7,3
60,55,50,7,3
60,55,50,7,4
60,55,50,7,3
60,55,50,7,3
60,55,50,7,3
60,55,50,7,3
60,55,50,7,3
60,55,50,7,3
60,55,50,7,3
60,55,50,7,3
30,75,51,0,0
30,75,51,10,3
30,75,51,10,15
30,75,51,10,21
30,75,51,10,26
30,75,51,10,30
30,75,51,10,31
30,75,51,10,31
30,75,51,10,34
30,75,51,10,26
30,75,51,10,21
30,75,51,10,25
30,75,51,10,22
30,75,51,10,23
30,75,51,10,22
30,75,51,10,20
30,75,51,10,20
30,75,51,10,20
30,75,51,10,18
30,75,51,10,19
30,75,51,10,16
30,75,51,10,15
30,75,51,10,17
30,75,51,10,16
30,75,51,10,18
30,75,51,10,18
30,75,51,10,15
30,75,51,10,15
30,75,51,10,16
30,75,51,10,15
30,75,51,10,17
30,75,51,10,18
30,75,51,10,19
30,75,51,10,18
30,75,51,10,18
30,75,51,10,19
30,75,51,10,21
30,75,51,10,19
30,75,51,10,22
30,75,51,10,21
30,75,51,10,21
30,75,51,10,20
30,75,51,10,17
30,75,51,10,18
30,75,51,10,19
30,75,51,10,22
30,75,51,10,17
30,75,51,10,20
30,75,51,10,19
30,75,51,10,20
30,75,51,10,21
30,75,51,10,19
30,75,51,10,18
30,75,51,10,19
30,75,51,10,18
30,75,51,10,22
30,75,51,10,22
30,75,51,10,24
30,75,51,10,27
30,75,51,10,27
30,75,51,10,27
30,75,51,10,24
30,75,51,10,24
30,75,51,10,25
30,75,51,10,25
30,75,51,10,23
30,75,51,10,29
30,75,51,10,29
30,75,51,10,31
30,75,51,10,32
120,60,52,0,0
120,60,52,10,0
120,60,52,10,0
120,60,52,10,1
120,60,52,10,1
120,60,52,10,2
120,60,52,10,2
120,60,52,10,2
120,60,52,10,2
120,60,52,10,3
120,60,52,10,4
120,60,52,10,4
120,60,52,10,4
120,60,52,10,5
120,60,52,10,7
120,60,52,10,6
120,60,52,10,6
120,60,52,10,7
120,60,52,10,7
120,60,52,10,7
120,60,52,10,7
120,60,52,10,7
120,60,52,10,8
120,60,52,10,7
120,60,52,10,7
120,60,52,10,7
120,60,52,10,7
120,60,52,10,8
120,60,52,10,7
120,60,52,10,7
120,60,52,10,7
120,60,52,10,8
120,60,52,10,7
120,60,52,10,7
120,60,52,10,7
120,60,52,10,9
120,60,52,10,9
120,60,52,10,9
120,60,52,10,10
120,60,52,10,10
120,60,52,10,8
120,60,52,10,8
120,60,52,10,6
120,60,52,10,7
120,60,52,10,7
120,60,52,10,7
120,60,52,10,6
120,60,52,10,5
120,60,52,10,5
120,60,52,10,6
120,60,52,10,6
120,60,52,10,6
120,60,52,10,6
120,60,52,10,6
120,60,52,10,6
120,60,52,10,4
120,60,52,10,6
120,60,52,10,5
120,60,52,10,4
120,60,52,10,3
120,60,52,10,4
120,60,52,10,4
120,60,52,10,3
120,60,52,10,4
120,60,52,10,4
120,60,52,10,4
120,60,52,10,3
120,60,52,10,3
120,60,52,10,4
120,60,52,10,3
120,60,52,10,4
120,60,52,10,2
120,60,52,10,3
120,60,52,10,3
120,60,52,10,3
120,60,52,10,4
120,60,52,10,4
120,60,52,10,5
120,60,52,10,5
120,60,52,10,4
120,60,52,10,4
120,60,52,10,6
120,60,52,10,7
120,80,53,0,0
120,80,53,7,1
120,80,53,10,9
120,80,53,10,15
120,80,53,10,18
120,80,53,10,26
120,80,53,10,27
120,80,53,10,30
120,80,53,10,34
120,80,53,10,36
120,80,53,10,36
120,80,53,10,39
120,80,53,10,40
120,80,53,10,43
120,80,53,10,44
120,80,53,10,46
120,80,53,10,47
120,80,53,10,48
120,80,53,10,47
120,80,53,10,49
120,80,53,10,51
120,80,53,10,52
120,80,53,10,51
120,80,53,10,54
120,80,53,10,54
120,80,53,10,53
120,80,53,10,53
120,80,53,10,53
120,80,53,10,55
120,80,53,10,57
120,80,53,10,58
120,80,53,10,57
120,80,53,10,58
120,80,53,10,55
120,80,53,10,55
120,80,53,10,55
120,80,53,10,54
120,80,53,10,54
120,80,53,10,55
120,80,53,10,54
120,80,53,10,55
120,80,53,10,54
120,80,53,12,51
120,80,53,12,51
120,80,53,11,51
120,80,53,11,53
120,80,53,11,52
120,80,53,11,57
120,80,53,12,61
120,80,53,12,62
120,80,53,12,61
120,80,53,12,62
120,80,53,12,63
120,80,53,12,65
120,80,53,12,64
120,80,53,11,62
120,80,53,11,62
120,80,53,11,62
120,80,53,11,58
120,80,53,11,58
120,80,53,12,59
120,80,53,12,60
120,80,53,12,59
120,80,53,12,60
120,80,53,12,58
120,80,53,12,60
120,80,53,12,59
120,80,53,12,60
120,80,53,12,62
120,80,53,12,65
120,80,53,10,63
120,80,53,10,66
120,80,53,10,66
120,80,53,10,63
120,80,53,10,62
120,80,53,10,60
120,80,53,10,60
120,80,53,10,57
120,80,53,10,56
120,80,53,10,56
120,80,53,10,58
120,80,53,10,60
120,80,53,10,60
120,80,53,10,60
120,80,53,10,61
120,80,53,10,59
120,80,53,10,60
120,80,53,10,59
120,80,53,10,60
120,80,53,10,59
120,80,53,10,57
120,80,53,10,58
120,80,53,10,56
120,80,53,10,56
120,80,53,10,59
120,80,53,10,59
120,80,53,10,59
120,80,53,10,58
75,75,54,0,0
75,75,54,11,0
75,75,54,11,6
75,75,54,11,6
75,75,54,11,6
75,75,54,11,7
75,75,54,11,8
75,75,54,11,8
75,75,54,11,9
75,75,54,11,8
75,75,54,11,12
75,75,54,11,14
75,75,54,11,15
75,75,54,11,16
75,75,54,11,17
75,75,54,11,17
75,75,54,11,17
75,75,54,11,17
75,75,54,11,21
75,75,54,11,21
75,75,54,11,20
75,75,54,11,20
75,75,54,11,20
75,75,54,11,21
75,75,54,11,20
75,75,54,11,19
75,75,54,11,19
75,75,54,11,21
75,75,54,11,22
75,75,54,11,22
75,75,54,11,21
75,75,54,11,20
75,75,54,11,17
75,75,54,11,19
75,75,54,11,20
75,75,54,11,22
75,75,54,11,19
75,75,54,11,21
75,75,54,11,21
75,75,54,11,21
75,75,54,11,21
75,75,54,11,21
75,75,54,11,23
75,75,54,11,24
75,75,54,11,24
75,75,54,11,23
75,75,54,11,23
75,75,54,11,23
75,75,54,11,24
75,75,54,11,24
75,75,54,11,25
75,75,54,11,25
75,75,54,11,24
75,75,54,11,24
75,75,54,11,27
75,75,54,11,25
75,75,54,11,25
75,75,54,11,28
10,40,55,9,0
10,40,55,9,0
10,40,55,9,0
10,40,55,9,0
10,40,55,9,0
10,40,55,9,0
10,40,55,9,0
10,40,55,9,0
10,40,55,9,0
10,40,55,9,0
10,40,55,9,0
10,40,55,9,3
10,40,55,9,2
10,40,55,9,2
10,40,55,9,1
10,40,55,9,1
10,40,55,9,2
10,40,55,9,2
10,40,55,9,2
10,40,55,9,1
10,40,55,9,1
10,40,55,9,1
10,40,55,9,1
10,40,55,9,1
10,40,55,9,1
10,40,55,9,1
10,40,55,9,1
10,40,55,9,1
10,40,55,9,1
10,40,55,9,2
10,40,55,9,1
10,40,55,9,1
10,40,55,9,1
10,40,55,9,1
10,40,55,9,1
10,40,55,9,0
10,40,55,9,1
10,40,55,9,1
10,40,55,9,1
10,40,55,9,0
10,40,55,9,0
10,40,55,9,0
10,40,55,9,0
10,40,55,9,0
10,40,55,9,0
10,40,55,9,0
10,40,55,9,0
10,40,55,9,0
10,40,55,9,0
10,40,55,9,1
10,40,55,9,1
10,40,55,9,1
10,40,55,9,0
10,40,55,9,1
10,40,55,9,2
10,40,55,9,2
10,40,55,9,2
10,40,55,9,1
10,40,55,9,1
10,40,55,9,1
10,40,55,9,1
10,40,55,10,1
10,40,55,10,1
10,40,55,10,1
10,40,55,10,1
10,40,55,10,1
10,40,55,10,1
10,40,55,10,1
10,40,55,10,1
10,40,55,10,1
10,40,55,10,1
10,40,55,10,1
10,40,55,10,1
10,40,55,10,1
10,40,55,10,0
10,50,56,0,0
10,50,56,10,0
10,50,56,10,1
10,50,56,10,1
10,50,56,10,1
10,50,56,10,1
10,50,56,10,1
10,50,56,10,1
10,50,56,10,1
10,50,56,10,1
10,50,56,10,1
10,50,56,10,1
10,50,56,10,1
10,50,56,10,1
10,50,56,10,1
10,50,56,10,1
10,50,56,10,1
10,50,56,10,1
10,50,56,10,1
10,50,56,10,1
10,50,56,10,1
10,50,56,10,1
10,50,56,10,1
10,50,56,10,1
10,50,56,10,1
10,50,56,10,1
10,50,56,10,1
10,50,56,10,1
10,50,56,10,1
10,50,56,10,1
10,50,56,10,1
10,50,56,10,1
10,50,56,10,1
10,50,56,10,1
10,50,56,10,1
10,50,56,10,1
10,50,56,10,1
10,50,56,10,0
10,50,56,10,0
10,50,56,10,1
10,50,56,10,1
10,50,56,10,1
10,50,56,10,0
10,50,56,10,1
10,50,56,10,2
10,50,56,8,2
10,50,56,8,2
10,50,56,8,1
10,50,56,8,1
10,50,56,8,0
10,50,56,8,1
10,50,56,8,1
10,50,56,8,1
10,50,56,8,1
10,50,56,8,2
10,50,56,10,2
10,50,56,10,2
10,50,56,10,0
10,50,56,10,0
10,50,56,10,2
10,50,56,10,2
10,50,56,10,2
10,50,56,10,1
10,50,56,10,1
10,50,56,10,1
10,50,56,10,1
10,50,56,10,1
10,50,56,10,1
10,50,56,10,0
10,50,56,10,1
10,50,56,10,1
10,50,56,10,1
10,50,56,11,0
10,50,56,11,1
10,50,56,11,1
10,50,56,11,1
10,50,56,11,1
10,50,56,11,1
10,50,56,11,1
10,50,56,11,1
10,50,56,11,1
10,50,56,11,1
10,50,56,11,1
10,50,56,11,1
10,50,56,11,1
10,50,56,11,1
10,50,56,11,1
10,50,56,11,1
10,50,56,11,0
10,50,56,11,1
10,50,56,11,1
10,60,57,0,0
10,60,57,10,1
10,60,57,10,1
10,60,57,10,1
10,60,57,10,2
10,60,57,10,3
10,60,57,10,2
10,60,57,10,1
10,60,57,10,2
10,60,57,10,1
10,60,57,10,1
10,60,57,10,0
10,60,57,10,1
10,60,57,10,1
10,60,57,10,1
10,60,57,10,1
10,60,57,10,1
10,60,57,10,1
10,60,57,10,1
10,60,57,10,0
10,60,57,10,1
10,60,57,10,1
10,60,57,11,1
10,60,57,11,2
10,60,57,11,2
10,60,57,11,2
10,60,57,11,1
10,60,57,11,0
10,60,57,11,0
10,60,57,11,1
10,60,57,11,2
10,60,57,9,2
10,60,57,10,2
10,60,57,10,1
10,60,57,7,1
10,60,57,7,1
10,60,57,7,1
10,60,57,7,1
10,60,57,7,1
10,60,57,7,1
10,60,57,7,1
10,60,57,7,1
10,60,57,7,1
10,60,57,7,1
10,60,57,7,2
10,60,57,7,2
10,60,57,7,1
10,60,57,7,0
10,60,57,7,0
10,60,57,7,1
10,60,57,7,2
10,60,57,7,1
10,60,57,7,2
10,60,57,7,2
10,60,57,7,2
10,60,57,7,2
10,60,57,7,2
10,60,57,7,1
10,60,57,7,2
10,60,57,7,2
10,60,57,7,1
10,60,57,7,0
10,60,57,7,0
10,60,57,7,1
10,60,57,7,2
10,60,57,7,3
10,60,57,7,3
10,60,57,7,3
10,60,57,7,1
10,60,57,7,1
10,60,57,7,1
10,60,57,7,1
10,60,57,7,1
10,60,57,7,0
10,60,57,7,0
10,60,57,7,0
10,60,57,7,1
10,60,57,7,1
10,60,57,7,1
10,60,57,7,1
10,60,57,7,1
10,60,57,7,1
10,60,57,7,0
10,60,57,7,0
10,70,58,0,0
10,70,58,10,1
10,70,58,10,1
10,70,58,10,1
10,70,58,10,2
10,70,58,10,3
10,70,58,10,2
10,70,58,10,1
10,70,58,10,2
10,70,58,10,1
10,70,58,10,1
10,70,58,10,0
10,70,58,10,1
10,70,58,10,1
10,70,58,10,2
10,70,58,10,2
10,70,58,10,2
10,70,58,10,1
10,70,58,10,1
10,70,58,10,0
10,70,58,10,1
10,70,58,10,2
10,70,58,11,2
10,70,58,11,3
10,70,58,11,2
10,70,58,11,2
10,70,58,11,1
10,70,58,11,1
10,70,58,11,0
10,70,58,11,1
10,70,58,11,2
10,70,58,9,2
10,70,58,10,2
10,70,58,10,1
10,70,58,7,1
10,70,58,7,1
10,70,58,7,1
10,70,58,7,1
10,70,58,7,1
10,70,58,7,1
10,70,58,7,1
10,70,58,7,1
10,70,58,7,1
10,70,58,7,1
10,70,58,7,2
10,70,58,7,2
10,70,58,7,1
10,70,58,7,0
10,70,58,7,0
10,70,58,7,1
10,70,58,7,2
10,70,58,7,1
10,70,58,7,2
10,70,58,7,2
10,70,58,7,2
10,70,58,7,2
10,70,58,7,2
10,70,58,7,1
10,70,58,7,2
10,70,58,7,2
10,70,58,7,1
10,70,58,7,0
10,70,58,7,1
10,70,58,7,2
10,70,58,7,3
10,70,58,7,3
10,70,58,7,3
10,70,58,7,3
10,70,58,7,1
10,70,58,7,1
10,70,58,7,1
10,70,58,7,1
10,70,58,7,1
10,70,58,7,0
10,70,58,7,1
10,70,58,7,0
10,70,58,7,1
10,70,58,7,1
10,70,58,7,1
10,70,58,7,1
10,70,58,7,1
10,70,58,7,1
10,70,58,7,0
10,70,58,7,0
10,80,59,0,0
10,80,59,8,2
10,80,59,8,12
10,80,59,8,12
10,80,59,8,13
10,80,59,8,20
10,80,59,8,20
10,80,59,8,18
10,80,59,8,18
10,80,59,8,17
10,80,59,8,14
10,80,59,8,16
10,80,59,8,18
10,80,59,8,19
10,80,59,8,19
10,80,59,8,16
10,80,59,8,18
10,80,59,8,18
10,80,59,8,16
10,80,59,8,15
10,80,59,8,17
10,80,59,8,19
10,80,59,8,19
10,80,59,8,13
10,80,59,8,13
10,80,59,8,14
10,80,59,8,16
10,80,59,8,13
10,80,59,8,13
10,80,59,8,17
10,80,59,8,17
10,80,59,8,17
10,80,59,8,13
10,80,59,8,16
10,80,59,8,15
10,80,59,8,13
10,80,59,8,13
10,80,59,8,14
10,80,59,8,17
10,80,59,8,15
10,80,59,8,16
10,80,59,8,14
10,80,59,8,16
10,80,59,8,16
10,80,59,8,17
10,80,59,8,15
10,80,59,8,19
10,80,59,8,15
10,80,59,8,13
10,80,59,8,14
10,80,59,8,17
10,80,59,8,19
10,80,59,8,17
10,80,59,8,14
10,80,59,8,13
10,80,59,8,17
10,80,59,8,16
10,80,59,8,20
10,80,59,8,16
10,80,59,8,16
10,80,59,8,17
10,80,59,8,18
10,80,59,8,18
10,80,59,8,19
10,80,59,8,17
10,80,59,8,18
10,80,59,8,15
10,80,59,8,17
10,80,59,8,16
10,80,59,8,19
10,80,59,8,18
10,80,59,8,19
10,80,59,8,18
10,80,59,8,16
10,80,59,8,16
10,80,59,8,20
10,80,59,8,19
10,80,59,8,16
10,80,59,8,17
10,80,59,8,19
10,80,59,8,17
10,80,59,8,14
10,80,59,8,16
10,90,60,0,0
10,90,60,8,3
10,90,60,8,15
10,90,60,8,19
10,90,60,8,13
10,90,60,8,12
10,90,60,8,13
10,90,60,8,11
10,90,60,8,12
10,90,60,8,11
10,90,60,8,12
10,90,60,8,17
10,90,60,8,12
10,90,60,8,12
10,90,60,8,12
10,90,60,8,12
10,90,60,8,18
10,90,60,8,17
10,90,60,8,10
10,90,60,8,10
10,90,60,8,14
10,90,60,9,13
10,90,60,9,15
10,90,60,9,15
10,90,60,9,15
10,90,60,9,17
10,90,60,9,14
10,90,60,9,12
10,90,60,9,11
10,90,60,9,15
10,90,60,9,15
10,90,60,9,8
10,90,60,9,8
10,90,60,9,8
10,90,60,9,10
10,90,60,9,11
10,90,60,9,14
10,90,60,9,16
10,90,60,9,16
10,90,60,9,15
10,90,60,9,13
10,90,60,9,16
10,90,60,9,14
10,90,60,9,10
10,90,60,9,13
10,90,60,9,14
10,90,60,9,12
10,90,60,9,12
10,90,60,9,14
10,90,60,9,17
10,90,60,9,16
10,90,60,9,13
10,90,60,9,14
10,90,60,9,10
10,90,60,9,11
10,90,60,9,13
10,90,60,9,15
10,90,60,9,18
10,90,60,9,18
10,90,60,9,12
10,90,60,9,12
10,90,60,9,12
10,90,60,9,13
10,90,60,9,14
10,90,60,9,13
10,90,60,9,13
10,90,60,9,12
10,90,60,9,13
10,90,60,9,11
10,90,60,9,14
10,90,60,9,16
10,90,60,9,14
10,90,60,9,10
10,100,12,0,0
10,100,12,7,4
10,100,12,7,21
10,100,12,9,24
10,100,12,9,24
10,100,12,9,27
10,100,12,9,23
10,100,12,9,22
10,100,12,9,18
10,100,12,9,18
10,100,12,9,16
10,100,12,9,13
10,100,12,9,16
10,100,12,9,17
10,100,12,9,21
10,100,12,9,20
10,100,12,10,14
10,100,12,10,23
10,100,12,10,23
10,100,12,10,21
10,100,12,10,21
10,100,12,10,19
10,100,12,9,18
10,100,12,9,20
10,100,12,9,19
10,100,12,9,21
10,100,12,9,20
10,100,12,9,21
10,100,12,9,22
10,100,12,9,23
10,100,12,9,21
10,100,12,9,20
10,100,12,9,19
10,100,12,9,18
10,100,12,9,18
10,100,12,9,21
10,100,12,9,22
10,100,12,10,21
10,100,12,10,18
10,100,12,10,17
10,100,12,10,15
10,100,12,10,21
10,100,12,10,17
10,100,12,10,15
10,100,12,10,20
10,100,12,10,22
10,100,12,10,17
10,100,12,10,18
10,100,12,10,19
10,100,12,10,25
10,100,12,10,22
10,100,12,10,18
10,100,12,10,18
10,100,12,10,22
10,100,12,10,18
10,100,12,10,16
10,100,12,10,17
10,100,12,9,19
10,100,12,9,23
10,100,12,9,21
10,100,12,9,22
10,100,12,9,23
10,100,12,9,25
10,100,12,9,24
10,100,12,9,23
10,100,12,9,22
10,100,12,9,22
10,100,12,9,11
10,100,12,9,14
10,100,12,9,12
10,100,12,9,13
10,100,12,9,14
10,100,12,9,8
10,100,12,8,12
10,100,12,8,16
10,100,12,8,17
10,100,12,8,17
10,100,12,8,19
10,100,12,8,23
10,100,12,9,22
10,100,12,10,21
10,100,12,9,24
10,100,12,9,23
10,100,12,9,15
10,100,12,9,15
10,100,12,9,14
10,100,12,9,11
10,100,12,8,15
10,100,12,7,20
10,100,12,7,20
10,100,12,7,16
10,100,12,7,21
10,100,12,7,21
10,100,12,7,19
10,100,12,7,19
10,100,12,7,22
10,100,12,7,22
10,100,12,6,18
10,100,12,6,17
10,100,12,6,17
10,100,12,6,25
10,100,12,6,26
10,100,12,6,22
10,100,12,6,18
10,100,12,6,19
10,100,12,6,23
10,100,12,6,21
10,100,12,6,16
10,100,12,6,16
10,100,12,6,20
10,100,12,6,28
10,100,12,7,23
10,100,12,7,19
10,100,12,6,17
10,100,12,6,15
10,100,12,7,20
10,100,12,7,20
10,100,12,7,12
10,100,12,6,17
10,100,12,6,20
10,100,12,6,18
10,100,12,6,20
10,100,12,6,19
10,100,12,7,19
10,100,12,7,22
10,100,12,7,22
10,100,12,7,23
10,100,12,7,24
10,100,12,7,21
10,100,12,7,19
10,100,12,6,19
10,100,12,6,19
10,100,12,6,19
10,100,12,6,22
10,100,12,6,24
10,100,12,6,24
10,100,12,7,21
10,100,12,7,19
10,100,12,7,17
10,100,12,7,14
10,100,12,7,16
10,100,12,7,21
10,100,12,7,25
10,100,12,7,24
10,100,12,7,19
10,100,12,7,18
10,100,12,7,18
10,100,12,7,18
10,100,12,7,17
10,100,12,7,14
10,100,12,7,12
10,100,12,7,12
10,100,12,7,14
10,100,12,7,19
10,100,12,7,22
10,100,12,7,24
10,100,12,7,24
10,100,12,7,19
10,100,12,7,18
10,100,12,7,18
10,100,12,7,17
10,100,12,7,23
10,100,12,7,21
10,100,12,7,16
10,100,12,7,18
10,100,12,7,20
10,100,12,7,23
10,100,12,7,24
10,100,12,8,23
10,100,12,8,23
10,100,12,8,22
10,100,12,9,18
10,100,12,9,18
10,100,12,9,23
10,100,12,9,20
10,100,12,9,19
10,100,12,9,16
10,100,12,9,14
10,100,12,9,21
10,100,12,9,17
10,100,12,9,19
10,100,12,9,23
10,100,12,9,22
10,100,12,9,19
10,100,12,9,20
10,100,12,9,21
10,100,12,9,22
10,100,12,9,22
10,100,12,9,12
10,100,12,9,17
10,100,12,9,17
10,100,12,9,19
10,100,12,9,17
10,100,12,9,20
10,100,12,9,22
10,100,12,9,23
10,100,12,9,20
10,100,12,9,16
10,100,12,9,21
10,100,12,9,22
10,100,12,9,14
10,100,12,9,12
10,100,12,9,16
10,100,12,9,14
10,100,12,9,19
10,100,12,9,20
10,100,12,9,19
10,100,12,9,18
10,100,12,9,18
60,40,61,0,0
60,40,61,8,0
60,40,61,8,1
60,40,61,8,1
60,40,61,8,1
60,40,61,8,1
60,40,61,8,1
60,40,61,8,1
60,40,61,8,1
60,40,61,8,1
60,40,61,8,1
60,40,61,8,1
60,40,61,8,1
60,40,61,8,1
60,40,61,8,1
60,40,61,8,1
60,40,61,8,1
60,40,61,8,1
60,40,61,8,1
60,40,61,8,1
60,40,61,8,1
60,40,61,8,1
60,40,61,8,1
60,40,61,8,1
60,40,61,8,1
60,40,61,8,1
60,40,61,7,1
60,40,61,7,1
60,40,61,7,1
60,40,61,7,1
60,40,61,7,1
60,40,61,7,1
60,40,61,7,1
60,40,61,7,1
60,40,61,7,1
60,40,61,7,1
60,40,61,7,1
60,40,61,7,1
60,40,61,7,1
60,40,61,7,1
60,40,61,7,1
60,40,61,7,0
60,40,61,7,0
60,40,61,7,1
60,40,61,7,1
60,40,61,7,0
60,40,61,7,0
60,40,61,7,0
60,40,61,7,0
60,40,61,7,1
60,40,61,7,1
60,40,61,7,1
60,40,61,7,1
60,40,61,7,1
60,40,61,7,1
60,40,61,7,1
60,40,61,7,1
60,40,61,7,1
60,40,61,7,1
60,40,61,7,1
60,40,61,7,1
60,40,61,7,1
60,40,61,7,1
60,40,61,7,1
60,40,61,7,1
60,40,61,7,1
60,40,61,7,1
60,40,61,7,1
60,40,61,7,1
60,40,61,7,1
60,40,61,7,1
60,40,61,7,1
60,40,61,7,1
60,40,61,7,1
60,40,61,7,1
60,40,61,7,1
60,40,61,7,1
60,40,61,7,1
60,40,61,7,1
60,40,61,7,1
60,40,61,7,1
60,40,61,7,1
60,40,61,7,1
60,40,61,7,1
60,40,61,7,1
60,40,61,7,1
60,40,61,7,1
60,50,62,0,0
60,50,62,7,0
60,50,62,7,4
60,50,62,7,6
60,50,62,7,8
60,50,62,7,8
60,50,62,7,10
60,50,62,7,9
60,50,62,7,8
60,50,62,7,7
60,50,62,7,9
60,50,62,7,8
60,50,62,7,10
60,50,62,7,10
60,50,62,7,11
60,50,62,7,11
60,50,62,7,11
60,50,62,7,12
60,50,62,7,9
60,50,62,7,8
60,50,62,7,8
60,50,62,7,9
60,50,62,7,12
60,50,62,7,12
60,50,62,7,11
60,50,62,7,12
60,50,62,7,13
60,50,62,7,15
60,50,62,7,15
60,50,62,7,13
60,50,62,7,14
60,50,62,7,13
60,50,62,7,15
60,50,62,7,15
60,50,62,7,15
60,50,62,7,15
60,50,62,7,14
60,50,62,7,13
60,50,62,7,15
60,50,62,7,18
60,50,62,7,18
60,50,62,7,17
60,50,62,7,15
60,50,62,9,12
60,50,62,9,12
60,50,62,9,14
60,50,62,9,13
60,50,62,9,13
60,50,62,9,14
60,50,62,9,13
60,50,62,9,16
60,50,62,9,10
60,50,62,9,9
60,50,62,9,10
60,50,62,9,10
60,50,62,9,11
60,50,62,9,13
60,50,62,9,10
60,50,62,9,12
60,50,62,7,13
60,50,62,7,11
60,50,62,7,11
60,50,62,7,10
60,50,62,7,9
60,50,62,7,8
60,50,62,7,12
60,50,62,7,12
60,50,62,7,11
60,50,62,7,12
60,50,62,8,12
60,50,62,8,12
60,50,62,8,11
60,50,62,8,11
60,50,62,8,9
60,50,62,8,11
60,50,62,8,12
60,50,62,8,13
60,50,62,8,14
60,50,62,8,15
60,50,62,8,14
60,50,62,8,13
60,50,62,9,12
60,50,62,9,12
60,50,62,9,12
60,50,62,9,14
60,50,62,9,14
60,50,62,9,12
60,50,62,9,12
60,50,62,9,13
60,50,62,9,11
60,50,62,9,11
60,50,62,7,11
60,50,62,7,12
60,50,62,7,9
60,50,62,7,9
60,50,62,7,10
60,50,62,7,10
60,80,63,0,0
60,80,63,7,2
60,80,63,7,12
60,80,63,9,13
60,80,63,9,14
60,80,63,9,16
60,80,63,9,18
60,80,63,9,18
60,80,63,9,19
60,80,63,9,20
60,80,63,9,21
60,80,63,9,23
60,80,63,9,27
60,80,63,9,25
60,80,63,9,27
60,80,63,9,27
60,80,63,9,26
60,80,63,9,27
60,80,63,7,28
60,80,63,7,28
60,80,63,7,29
60,80,63,7,31
60,80,63,7,30
60,80,63,7,31
60,80,63,7,32
60,80,63,7,32
60,80,63,7,32
60,80,63,7,31
60,80,63,7,34
60,80,63,7,36
60,80,63,7,36
60,80,63,7,33
60,80,63,7,33
60,80,63,7,33
60,80,63,7,32
60,80,63,7,32
60,80,63,7,34
60,80,63,7,33
60,80,63,7,30
60,80,63,7,31
60,80,63,7,35
60,80,63,7,34
60,80,63,7,32
60,80,63,7,31
60,80,63,7,31
60,80,63,7,32
60,80,63,7,32
60,80,63,7,31
60,80,63,7,31
60,80,63,7,31
60,80,63,7,27
60,80,63,7,27
60,80,63,7,23
60,80,63,7,23
60,80,63,7,25
60,80,63,7,23
60,80,63,7,23
60,80,63,7,26
60,80,63,7,25
60,80,63,7,24
60,80,63,7,23
60,80,63,7,26
60,80,63,7,27
60,80,63,7,27
60,80,63,7,28
60,80,63,7,30
60,80,63,7,27
60,80,63,7,28
60,80,63,7,29
60,80,63,7,29
60,80,63,7,30
60,80,63,7,28
60,80,63,7,28
60,80,63,7,28
60,80,63,7,30
60,80,63,7,30
60,80,63,7,31
60,80,63,7,32
60,80,63,7,33
60,80,63,7,33
60,80,63,7,31
60,80,63,7,31
60,80,63,7,30
60,80,63,7,28
60,80,63,7,28
60,80,63,7,29
60,80,63,7,28
60,80,63,7,28
60,80,63,7,28
60,80,63,7,27
60,80,63,7,23
60,80,63,7,25
60,80,63,7,26
60,80,63,7,27
60,80,63,7,26
60,80,63,7,28
60,80,63,7,30
60,80,63,7,31
60,90,64,0,0
60,90,64,8,1
60,90,64,8,15
60,90,64,8,16
60,90,64,8,20
60,90,64,8,21
60,90,64,8,24
60,90,64,8,27
60,90,64,8,28
60,90,64,8,28
60,90,64,8,29
60,90,64,8,29
60,90,64,8,30
60,90,64,8,32
60,90,64,8,32
60,90,64,8,30
60,90,64,8,31
60,90,64,8,32
60,90,64,8,31
60,90,64,8,30
60,90,64,8,31
60,90,64,8,31
60,90,64,8,31
60,90,64,8,31
60,90,64,8,30
60,90,64,8,32
60,90,64,8,30
60,90,64,8,32
60,90,64,8,33
60,90,64,8,33
60,90,64,8,33
60,90,64,8,33
60,90,64,8,34
60,90,64,8,33
60,90,64,8,34
60,90,64,8,35
60,90,64,9,36
60,90,64,9,37
60,90,64,9,36
60,90,64,9,36
60,90,64,9,37
60,90,64,9,34
60,90,64,9,33
60,90,64,9,34
60,90,64,9,34
60,90,64,9,37
60,90,64,9,36
60,90,64,9,34
60,90,64,9,35
60,90,64,9,36
60,90,64,9,32
60,90,64,9,35
60,90,64,9,34
60,90,64,9,34
60,90,64,9,35
60,90,64,9,36
60,90,64,9,35
60,90,64,9,36
60,90,64,9,36
60,90,64,9,38
60,90,64,9,38
60,90,64,9,38
60,90,64,9,36
60,90,64,9,37
60,90,64,11,37
60,90,64,11,37
60,90,64,11,38
60,90,64,11,37
60,90,64,11,35
60,90,64,11,35
60,90,64,11,32
60,90,64,11,34
60,90,64,11,34
60,90,64,11,31
60,90,64,11,28
60,90,64,11,31
60,90,64,11,33
60,90,64,11,32
60,90,64,11,32
60,90,64,11,32
60,90,64,11,33
60,90,64,11,34
60,90,64,11,34
60,90,64,11,34
60,90,64,11,34
90,40,65,0,0
90,40,65,10,1
90,40,65,10,1
90,40,65,10,1
90,40,65,10,1
90,40,65,10,1
90,40,65,10,1
90,40,65,10,1
90,40,65,10,1
90,40,65,10,1
90,40,65,10,1
90,40,65,10,1
90,40,65,10,1
90,40,65,10,1
90,40,65,10,1
90,40,65,10,1
90,40,65,10,1
90,40,65,10,1
90,40,65,10,1
90,40,65,12,1
90,40,65,12,1
90,40,65,12,1
90,40,65,12,1
90,40,65,12,1
90,40,65,12,1
90,40,65,12,1
90,40,65,12,1
90,40,65,12,1
90,40,65,12,1
90,40,65,12,1
90,40,65,12,1
90,40,65,12,1
90,40,65,12,1
90,40,65,12,1
90,40,65,12,1
90,40,65,12,1
90,40,65,12,1
90,40,65,12,1
90,40,65,12,1
90,40,65,12,1
90,40,65,12,1
90,40,65,12,1
90,40,65,12,1
90,40,65,12,1
90,40,65,12,1
90,40,65,12,1
90,40,65,12,1
90,40,65,12,1
90,40,65,12,1
90,40,65,13,1
90,40,65,13,1
90,40,65,13,1
90,40,65,13,1
90,40,65,13,1
90,40,65,13,1
90,40,65,13,1
90,40,65,14,1
90,40,65,14,1
90,40,65,14,1
90,40,65,14,1
90,40,65,14,1
90,40,65,14,1
90,40,65,15,1
90,40,65,15,1
90,40,65,15,1
90,40,65,15,1
90,40,65,15,1
90,40,65,15,1
90,40,65,15,1
90,40,65,15,1
90,40,65,15,1
90,40,65,15,1
90,40,65,15,1
90,40,65,15,1
90,40,65,15,1
90,40,65,15,1
90,40,65,15,1
90,40,65,15,1
90,40,65,15,1
90,40,65,15,1
90,40,65,15,1
90,50,66,0,0
90,50,66,15,0
90,50,66,15,0
90,50,66,15,0
90,50,66,15,0
90,50,66,15,0
90,50,66,15,1
90,50,66,15,1
90,50,66,15,1
90,50,66,15,1
90,50,66,15,1
90,50,66,15,1
90,50,66,15,1
90,50,66,15,1
90,50,66,15,1
90,50,66,15,1
90,50,66,15,1
90,50,66,15,1
90,50,66,15,1
90,50,66,15,1
90,50,66,15,1
90,50,66,15,1
90,50,66,15,1
90,50,66,15,1
90,50,66,15,1
90,50,66,15,1
90,50,66,15,1
90,50,66,15,1
90,50,66,15,1
90,50,66,15,1
90,50,66,14,1
90,50,66,14,1
90,50,66,14,1
90,50,66,14,0
90,50,66,14,0
90,50,66,15,0
90,50,66,15,1
90,50,66,15,1
90,50,66,15,1
90,50,66,15,1
90,50,66,15,1
90,50,66,15,2
90,50,66,14,2
90,50,66,14,2
90,50,66,14,2
90,50,66,14,2
90,50,66,14,2
90,50,66,14,2
90,50,66,14,2
90,50,66,14,2
90,50,66,15,2
90,50,66,15,2
90,50,66,15,2
90,50,66,15,2
90,50,66,15,2
90,50,66,15,2
90,50,66,15,2
90,50,66,15,2
90,50,66,15,2
90,50,66,15,2
90,50,66,15,2
90,50,66,15,2
90,50,66,15,2
90,50,66,15,3
90,50,66,15,3
90,50,66,15,3
90,50,66,15,3
90,50,66,15,3
90,50,66,15,3
90,50,66,15,3
90,50,66,15,3
90,50,66,15,3
90,50,66,15,3
90,50,66,15,2
90,50,66,15,2
90,50,66,15,2
90,50,66,15,2
90,50,66,15,2
90,50,66,15,2
90,60,67,0,0
90,60,67,15,0
90,60,67,15,1
90,60,67,15,1
90,60,67,15,1
90,60,67,15,1
90,60,67,15,1
90,60,67,15,1
90,60,67,15,1
90,60,67,15,1
90,60,67,15,1
90,60,67,15,1
90,60,67,15,1
90,60,67,15,2
90,60,67,15,2
90,60,67,15,2
90,60,67,15,1
90,60,67,15,1
90,60,67,12,1
90,60,67,12,3
90,60,67,12,3
90,60,67,12,3
90,60,67,12,3
90,60,67,12,2
90,60,67,12,2
90,60,67,12,1
90,60,67,12,2
90,60,67,12,2
90,60,67,12,2
90,60,67,12,2
90,60,67,12,2
90,60,67,12,3
90,60,67,12,3
90,60,67,12,3
90,60,67,12,3
90,60,67,12,3
90,60,67,12,3
90,60,67,12,3
90,60,67,12,4
90,60,67,12,4
90,60,67,12,4
90,60,67,12,3
90,60,67,12,3
90,60,67,12,3
90,60,67,12,3
90,60,67,12,4
90,60,67,12,5
90,60,67,12,6
90,60,67,12,6
90,60,67,12,6
90,60,67,12,5
90,60,67,12,5
90,60,67,12,5
90,60,67,12,5
90,60,67,12,5
90,60,67,12,5
90,60,67,12,5
90,60,67,12,4
90,60,67,12,5
90,60,67,12,6
90,60,67,12,4
90,60,67,12,4
90,60,67,12,4
90,60,67,12,4
90,60,67,12,4
90,60,67,12,4
90,60,67,12,5
90,60,67,15,4
90,60,67,15,4
90,60,67,15,3
90,60,67,15,4
90,60,67,15,3
90,60,67,15,4
90,60,67,15,3
90,60,67,15,4
90,60,67,15,3
90,60,67,15,4
90,60,67,15,4
90,60,67,15,3
90,60,67,15,5
90,60,67,15,3
90,60,67,15,4
90,60,67,16,6
90,60,67,16,5
90,60,67,16,4
90,60,67,16,0
90,90,68,0,0
90,90,68,15,1
90,90,68,15,10
90,90,68,15,14
90,90,68,15,15
90,90,68,15,20
90,90,68,15,24
90,90,68,15,26
90,90,68,15,29
90,90,68,15,32
90,90,68,15,34
90,90,68,15,37
90,90,68,15,37
90,90,68,15,37
90,90,68,15,37
90,90,68,15,38
90,90,68,15,38
90,90,68,15,38
90,90,68,15,39
90,90,68,15,44
90,90,68,15,44
90,90,68,15,44
90,90,68,15,44
90,90,68,15,45
90,90,68,15,46
90,90,68,15,46
90,90,68,15,46
90,90,68,15,47
90,90,68,15,46
90,90,68,15,47
90,90,68,15,46
90,90,68,15,47
90,90,68,15,46
90,90,68,15,47
90,90,68,15,48
90,90,68,15,46
90,90,68,15,48
90,90,68,15,49
90,90,68,15,49
90,90,68,15,49
90,90,68,15,48
90,90,68,15,46
90,90,68,15,47
90,90,68,15,47
90,90,68,15,48
90,90,68,15,48
90,90,68,15,49
90,90,68,15,47
90,90,68,15,47
90,90,68,15,47
90,90,68,15,46
90,90,68,15,46
90,90,68,15,45
90,90,68,15,43
90,90,68,15,45
90,90,68,15,45
90,90,68,17,45
90,90,68,17,47
90,90,68,17,45
90,90,68,17,43
90,90,68,17,42
90,90,68,17,41
90,90,68,17,41
90,90,68,17,41
90,90,68,17,40
90,90,68,17,43
90,90,68,17,43
90,90,68,17,43
90,90,68,17,42
90,90,68,17,41
90,90,68,17,43
90,90,68,17,42
90,90,68,17,43
90,90,68,17,44
90,90,68,17,44
90,90,68,17,47
90,90,68,17,46
90,90,68,17,45
90,90,68,17,45
120,40,69,0,0
120,40,69,17,1
120,40,69,17,1
120,40,69,17,1
120,40,69,17,1
120,40,69,17,1
120,40,69,17,1
120,40,69,17,1
120,40,69,17,1
120,40,69,17,1
120,40,69,17,0
120,40,69,17,1
120,40,69,17,1
120,40,69,17,1
120,40,69,17,1
120,40,69,17,1
120,40,69,17,1
120,40,69,17,1
120,40,69,17,1
120,40,69,17,1
120,40,69,17,1
120,40,69,17,1
120,40,69,19,1
120,40,69,19,1
120,40,69,19,1
120,40,69,19,1
120,40,69,19,0
120,40,69,19,1
120,40,69,19,1
120,40,69,19,1
120,40,69,19,1
120,40,69,19,1
120,40,69,19,1
120,40,69,19,1
120,40,69,19,1
120,40,69,19,1
120,40,69,19,1
120,40,69,19,1
120,40,69,19,1
120,40,69,19,2
120,40,69,19,2
120,40,69,19,2
120,40,69,19,2
120,40,69,19,2
120,40,69,19,2
120,40,69,19,2
120,40,69,19,2
120,40,69,19,2
120,40,69,19,2
120,40,69,19,2
120,40,69,19,2
120,40,69,19,2
120,40,69,19,2
120,40,69,17,2
120,40,69,17,2
120,40,69,17,2
120,40,69,17,2
120,40,69,17,1
120,40,69,17,1
120,40,69,17,2
120,40,69,17,2
120,40,69,17,2
120,40,69,17,2
120,40,69,17,2
120,40,69,17,1
120,40,69,17,1
120,40,69,17,1
120,40,69,17,2
120,40,69,17,1
120,40,69,17,0
120,50,70,0,0
120,50,70,17,1
120,50,70,17,1
120,50,70,17,1
120,50,70,17,1
120,50,70,17,1
120,50,70,17,1
120,50,70,17,1
120,50,70,17,1
120,50,70,17,1
120,50,70,17,1
120,50,70,17,1
120,50,70,17,1
120,50,70,17,1
120,50,70,17,1
120,50,70,17,0
120,50,70,17,0
120,50,70,17,1
120,50,70,17,1
120,50,70,17,1
120,50,70,17,2
120,50,70,17,1
120,50,70,17,1
120,50,70,17,1
120,50,70,17,1
120,50,70,17,1
120,50,70,17,1
120,50,70,17,1
120,50,70,17,1
120,50,70,17,1
120,50,70,17,1
120,50,70,17,1
120,50,70,17,1
120,50,70,17,1
120,50,70,17,1
120,50,70,17,1
120,50,70,17,1
120,50,70,17,1
120,50,70,17,1
120,50,70,17,1
120,50,70,17,1
120,50,70,17,1
120,50,70,17,1
120,50,70,17,1
120,50,70,17,1
120,50,70,17,1
120,50,70,19,1
120,50,70,19,1
120,50,70,18,1
120,50,70,18,1
120,50,70,18,1
120,50,70,18,1
120,50,70,18,1
120,50,70,18,2
120,50,70,18,2
120,50,70,18,1
120,50,70,18,1
120,50,70,18,1
120,50,70,18,1
120,50,70,18,1
120,50,70,18,1
120,50,70,18,1
120,50,70,18,1
120,50,70,18,2
120,50,70,18,2
120,50,70,18,2
120,50,70,18,2
120,50,70,18,2
120,50,70,18,2
120,50,70,18,2
120,50,70,18,2
120,50,70,18,2
120,50,70,18,3
120,50,70,18,3
120,50,70,18,3
120,50,70,18,3
120,50,70,18,3
120,50,70,18,3
120,50,70,18,4
120,50,70,18,4
120,50,70,18,5
120,50,70,18,5
120,50,70,18,5
120,50,70,18,5
120,50,70,18,5
120,50,70,18,5
120,50,70,18,4
120,50,70,18,4
120,50,70,18,5
120,50,70,18,5
120,50,70,18,6
120,50,70,18,6
120,50,70,18,6
120,50,70,18,6
120,50,70,18,6
120,50,70,18,7
120,50,70,18,6
120,50,70,18,6
120,50,70,18,6
120,50,70,18,6
120,50,70,18,6
120,50,70,18,5
120,50,70,18,5
120,50,70,18,5
120,50,70,18,6
120,50,70,18,5
120,90,71,0,0
120,90,71,16,3
120,90,71,16,15
120,90,71,16,18
120,90,71,16,22
120,90,71,16,22
120,90,71,16,26
120,90,71,16,28
120,90,71,16,33
120,90,71,16,33
120,90,71,16,33
120,90,71,16,34
120,90,71,16,34
120,90,71,16,37
120,90,71,16,37
120,90,71,16,38
120,90,71,16,40
120,90,71,16,42
120,90,71,16,46
120,90,71,16,47
120,90,71,16,52
120,90,71,16,54
120,90,71,16,55
120,90,71,16,56
120,90,71,16,57
120,90,71,16,57
120,90,71,16,57
120,90,71,16,57
120,90,71,16,58
120,90,71,16,60
120,90,71,16,60
120,90,71,16,59
120,90,71,16,59
120,90,71,16,63
120,90,71,16,63
120,90,71,16,63
120,90,71,16,63
120,90,71,16,63
120,90,71,16,64
120,90,71,16,64
120,90,71,16,63
120,90,71,16,62
120,90,71,16,61
120,90,71,16,61
120,90,71,17,60
120,90,71,17,59
120,90,71,17,57
120,90,71,17,55
120,90,71,17,55
120,90,71,17,51
120,90,71,17,51
120,90,71,17,51
120,90,71,17,51
120,90,71,17,48
120,90,71,17,49
120,90,71,19,49
120,90,71,19,50
120,90,71,19,50
120,90,71,19,50
120,90,71,19,49
120,90,71,19,50
120,90,71,19,50
120,90,71,19,48
120,90,71,19,47
120,90,71,19,47
120,90,71,17,44
120,90,71,17,45
120,90,71,17,47
120,90,71,17,48
120,90,71,17,42
180,40,72,0,0
180,40,72,16,0
180,40,72,16,0
180,40,72,16,1
180,40,72,16,1
180,40,72,16,1
180,40,72,16,1
180,40,72,16,1
180,40,72,16,1
180,40,72,16,1
180,40,72,16,1
180,40,72,16,1
180,40,72,16,1
180,40,72,16,1
180,40,72,16,1
180,40,72,16,1
180,40,72,16,1
180,40,72,16,1
180,40,72,16,1
180,40,72,16,1
180,40,72,16,1
180,40,72,16,1
180,40,72,16,1
180,40,72,16,1
180,40,72,16,1
180,40,72,16,1
180,40,72,16,1
180,40,72,16,1
180,40,72,16,1
180,40,72,16,0
180,40,72,16,0
180,40,72,16,0
180,40,72,16,0
180,40,72,14,0
180,40,72,14,0
180,40,72,14,0
180,40,72,15,0
180,40,72,15,0
180,40,72,15,2
180,40,72,15,2
180,40,72,15,2
180,40,72,15,2
180,40,72,15,2
180,40,72,15,2
180,40,72,15,2
180,40,72,15,2
180,40,72,15,2
180,40,72,15,1
180,40,72,15,2
180,40,72,15,2
180,40,72,15,2
180,40,72,15,1
180,40,72,15,1
180,40,72,15,1
180,40,72,15,1
180,40,72,15,1
180,40,72,15,1
180,40,72,15,1
180,40,72,15,1
180,40,72,15,0
180,40,72,15,0
180,40,72,15,1
180,40,72,15,1
180,40,72,15,0
180,40,72,15,0
180,40,72,15,0
180,40,72,15,0
180,40,72,15,0
180,40,72,15,0
180,40,72,15,0
180,40,72,15,0
180,40,72,15,1
180,40,72,15,1
180,40,72,15,1
180,40,72,15,1
180,40,72,15,1
180,40,72,15,1
180,40,72,15,1
180,40,72,15,1
180,40,72,15,1
180,40,72,15,0
180,40,72,15,1
180,40,72,15,1
180,40,72,15,1
180,40,72,17,1
180,40,72,17,1
180,40,72,17,1
180,40,72,17,1
180,40,72,17,1
180,40,72,17,1
180,50,73,0,0
180,50,73,14,0
180,50,73,14,0
180,50,73,14,1
180,50,73,15,1
180,50,73,15,1
180,50,73,15,1
180,50,73,15,1
180,50,73,15,1
180,50,73,15,1
180,50,73,15,1
180,50,73,15,1
180,50,73,15,1
180,50,73,15,1
180,50,73,15,1
180,50,73,15,1
180,50,73,15,1
180,50,73,17,1
180,50,73,17,1
180,50,73,17,1
180,50,73,17,1
180,50,73,17,1
180,50,73,17,1
180,50,73,17,1
180,50,73,17,0
180,50,73,17,1
180,50,73,17,1
180,50,73,17,1
180,50,73,17,1
180,50,73,17,1
180,50,73,17,1
180,50,73,17,1
180,50,73,17,1
180,50,73,17,1
180,50,73,17,2
180,50,73,17,2
180,50,73,17,3
180,50,73,16,3
180,50,73,16,3
180,50,73,16,3
180,50,73,16,3
180,50,73,16,3
180,50,73,16,3
180,50,73,16,3
180,50,73,16,3
180,50,73,16,3
180,50,73,16,3
180,50,73,16,3
180,50,73,16,3
180,50,73,16,3
180,50,73,16,3
180,50,73,16,3
180,50,73,16,3
180,50,73,17,4
180,50,73,17,4
180,50,73,17,4
180,50,73,17,4
180,50,73,17,4
180,50,73,17,4
180,50,73,17,4
180,50,73,17,4
180,50,73,17,4
180,50,73,17,5
180,50,73,17,5
180,50,73,17,5
180,50,73,17,5
180,50,73,17,5
180,50,73,17,5
180,50,73,17,5
180,50,73,17,4
180,50,73,16,4
180,50,73,16,4
180,50,73,16,5
180,50,73,16,4
180,50,73,16,4
180,50,73,16,4
180,60,74,0,0
180,60,74,15,1
180,60,74,15,2
180,60,74,15,2
180,60,74,15,2
180,60,74,15,2
180,60,74,15,2
180,60,74,15,3
180,60,74,15,4
180,60,74,15,5
180,60,74,15,5
180,60,74,15,5
180,60,74,15,6
180,60,74,15,5
180,60,74,15,5
180,60,74,15,4
180,60,74,15,4
180,60,74,15,4
180,60,74,15,4
180,60,74,15,4
180,60,74,15,4
180,60,74,15,4
180,60,74,13,5
180,60,74,13,5
180,60,74,13,6
180,60,74,13,6
180,60,74,13,6
180,60,74,13,6
180,60,74,13,6
180,60,74,13,6
180,60,74,13,6
180,60,74,13,6
180,60,74,13,6
180,60,74,13,6
180,60,74,13,6
180,60,74,13,6
180,60,74,13,7
180,60,74,13,7
180,60,74,13,7
180,60,74,13,8
180,60,74,13,8
180,60,74,13,8
180,60,74,13,8
180,60,74,17,8
180,60,74,17,7
180,60,74,17,7
180,60,74,16,7
180,60,74,16,7
180,60,74,16,7
180,60,74,16,7
180,60,74,16,7
180,60,74,16,7
180,60,74,16,8
180,60,74,16,8
180,60,74,16,8
180,60,74,16,8
180,60,74,16,8
180,60,74,16,8
180,60,74,16,7
180,60,74,16,8
180,60,74,16,6
180,60,74,16,6
180,60,74,16,6
180,60,74,16,7
180,60,74,16,8
180,60,74,16,8
180,60,74,16,8
180,60,74,16,8
180,70,75,0,0
180,70,75,13,2
180,70,75,13,6
180,70,75,13,6
180,70,75,13,8
180,70,75,13,7
180,70,75,13,12
180,70,75,13,14
180,70,75,13,13
180,70,75,13,12
180,70,75,13,13
180,70,75,13,13
180,70,75,13,13
180,70,75,13,13
180,70,75,13,14
180,70,75,13,17
180,70,75,13,17
180,70,75,13,16
180,70,75,13,18
180,70,75,13,18
180,70,75,13,18
180,70,75,13,18
180,70,75,13,17
180,70,75,13,19
180,70,75,13,19
180,70,75,13,19
180,70,75,13,18
180,70,75,13,18
180,70,75,13,18
180,70,75,13,19
180,70,75,13,19
180,70,75,13,18
180,70,75,13,19
180,70,75,13,20
180,70,75,13,20
180,70,75,13,22
180,70,75,13,22
180,70,75,13,22
180,70,75,13,22
180,70,75,13,23
180,70,75,13,21
180,70,75,13,21
180,70,75,13,22
180,70,75,14,22
180,70,75,14,22
180,70,75,14,21
180,70,75,14,21
180,70,75,14,22
180,70,75,14,21
180,70,75,14,21
180,70,75,14,20
180,70,75,14,20
180,70,75,14,18
180,70,75,14,18
180,70,75,14,18
180,70,75,14,18
180,70,75,14,18
180,70,75,14,17
180,70,75,14,17
180,70,75,17,16
180,70,75,17,15
180,70,75,17,13
180,70,75,17,13
180,70,75,17,13
180,70,75,17,13
180,70,75,17,13
180,70,75,17,15
180,70,75,17,15
180,70,75,17,16
180,70,75,17,15
180,70,75,17,17
180,70,75,17,17
180,70,75,17,16
180,70,75,17,17
180,70,75,17,18
180,70,75,17,21
180,70,75,17,22
180,80,76,0,0
180,80,76,13,4
180,80,76,13,15
180,80,76,13,18
180,80,76,13,18
180,80,76,13,22
180,80,76,13,29
180,80,76,13,32
180,80,76,13,31
180,80,76,13,34
180,80,76,13,36
180,80,76,13,37
180,80,76,11,36
180,80,76,11,36
180,80,76,11,38
180,80,76,11,38
180,80,76,11,37
180,80,76,11,41
180,80,76,11,40
180,80,76,11,39
180,80,76,11,41
180,80,76,11,42
180,80,76,11,43
180,80,76,11,43
180,80,76,11,43
180,80,76,11,43
180,80,76,12,48
180,80,76,12,49
180,80,76,12,48
180,80,76,12,50
180,80,76,12,50
180,80,76,12,51
180,80,76,12,51
180,80,76,12,52
180,80,76,12,53
180,80,76,12,55
180,80,76,12,55
180,80,76,12,55
180,80,76,12,56
180,80,76,12,57
180,80,76,12,57
180,80,76,12,59
180,80,76,12,59
180,80,76,12,60
180,80,76,12,57
180,80,76,14,57
180,80,76,14,55
180,80,76,14,54
180,80,76,12,55
180,80,76,12,53
180,80,76,12,53
180,80,76,12,53
180,80,76,12,57
180,80,76,12,57
180,80,76,12,56
180,80,76,12,57
180,80,76,12,57
180,80,76,12,58
180,80,76,12,58
180,80,76,12,59
180,80,76,12,60
180,80,76,12,61
180,80,76,12,61
180,80,76,12,59
180,80,76,12,55
180,80,76,12,54
180,80,76,12,57
180,80,76,12,56
180,80,76,12,54
180,80,76,12,55
180,80,76,12,55
180,80,76,12,53
180,80,76,12,56
180,80,76,12,57
180,80,76,12,55
180,80,76,12,56
180,80,76,12,56
180,80,76,12,55
180,80,76,12,53
180,80,76,12,53
180,80,76,12,52
180,80,76,12,52
180,80,76,12,50
180,80,76,12,50
180,90,77,0,0
180,90,77,12,0
180,90,77,12,11
180,90,77,12,12
180,90,77,12,16
180,90,77,12,18
180,90,77,12,22
180,90,77,12,22
180,90,77,12,22
180,90,77,12,24
180,90,77,12,26
180,90,77,12,27
180,90,77,12,29
180,90,77,12,33
180,90,77,13,34
180,90,77,13,35
180,90,77,13,36
180,90,77,13,36
180,90,77,13,36
180,90,77,13,36
180,90,77,13,37
180,90,77,13,39
180,90,77,13,40
180,90,77,13,41
180,90,77,13,41
180,90,77,13,44
180,90,77,13,45
180,90,77,13,45
180,90,77,13,47
180,90,77,13,47
180,90,77,13,47
180,90,77,13,47
180,90,77,13,49
180,90,77,13,49
180,90,77,13,50
180,90,77,13,50
180,90,77,13,50
180,90,77,13,50
180,90,77,13,50
180,90,77,13,50
180,90,77,13,52
180,90,77,13,55
180,90,77,13,55
180,90,77,13,55
180,90,77,13,55
180,90,77,13,56
180,90,77,13,55
180,90,77,13,55
180,90,77,13,55
180,90,77,13,54
180,90,77,13,54
180,90,77,13,56
180,90,77,13,56
180,90,77,13,57
180,90,77,13,57
180,90,77,13,57
180,90,77,13,55
180,90,77,13,57
180,90,77,13,57
180,90,77,13,58
180,90,77,13,58
180,90,77,13,58
180,90,77,13,59
180,90,77,13,59
180,90,77,13,59
180,90,77,13,59
180,90,77,13,59
180,90,77,13,58
180,90,77,13,58
180,90,77,13,56
180,90,77,13,57
180,90,77,13,57
180,90,77,13,56
180,90,77,13,57
180,90,77,13,57
180,90,77,13,57
180,90,77,13,57
180,90,77,13,56
180,90,77,13,55
180,90,77,13,55
180,90,77,13,55
180,90,77,13,55
180,90,77,13,56
180,90,77,13,56
180,90,77,13,56
180,90,77,13,56
180,90,77,13,55
180,90,77,13,55
180,90,77,13,55
180,90,77,13,55
180,90,77,13,55
180,90,77,13,55
180,90,77,13,56
180,90,77,13,56
180,90,77,13,54
180,90,77,13,54
180,90,77,13,54
180,90,77,13,53